-- Adminer 4.8.1 MySQL 8.1.0 dump

SET NAMES utf8;
SET time_zone = '+00:00';
SET foreign_key_checks = 0;
SET sql_mode = 'NO_AUTO_VALUE_ON_ZERO';

SET NAMES utf8mb4;

DELETE FROM category;
DELETE FROM subcategory;
DELETE FROM item;
DELETE FROM store;
DELETE FROM price;
DELETE FROM offer;
DELETE FROM review;

INSERT INTO `category` (`uuid`, `name`) VALUES
('2d5f74de114747fd824ca8a6a9d687fa',	'Προστασία Υγείας'),
('662418cbd02e435280148dbb8892782a',	'Για κατοικίδια'),
('8016e637b54241f8ad242ed1699bf2da',	'Βρεφικά Είδη'),
('8e8117f7d9d64cf1a931a351eb15bd69',	'Προσωπική φροντίδα'),
('a8ac6be68b53443bbd93b229e2f9cd34',	'Ποτά - Αναψυκτικά'),
('d41744460283406a86f8e4bd5010a66d',	'Καθαριότητα'),
('e4b4de2e31fc43b7b68a0fe4fbfad2e6',	'Αντισηπτικά'),
('ee0022e7b1b34eb2b834ea334cda52e7',	'Τρόφιμα');

INSERT INTO `subcategory` (`uuid`, `name`, `belongs_to`) VALUES
('034941f08ca34f7baaf5932427d7e635',	'Χαρτικά',	'd41744460283406a86f8e4bd5010a66d'),
('0364b4be226146699140e81a469d04a1',	'Γιαούρτια',	'ee0022e7b1b34eb2b834ea334cda52e7'),
('08f280dee57c4b679be0102a8ba1343b',	'Ποτά',	'a8ac6be68b53443bbd93b229e2f9cd34'),
('0936072fcb3947f3baf83e31bb5c1cab',	'Φρέσκα/Αρνί',	'ee0022e7b1b34eb2b834ea334cda52e7'),
('09f2e090f72c4487bc44e5ba4fcea466',	'Βαφές μαλλιών',	'8e8117f7d9d64cf1a931a351eb15bd69'),
('0bf072374a8e4c40b915e4972990a417',	'Πάνες ενηλίκων',	'8e8117f7d9d64cf1a931a351eb15bd69'),
('0c347b96540a427e9823f321861ce58e',	'Ζυμαρικά',	'ee0022e7b1b34eb2b834ea334cda52e7'),
('0c6e42d52765495dbbd06c189a4fc80f',	'Pet shop/Τροφή σκύλου',	'662418cbd02e435280148dbb8892782a'),
('0e1982336d8e4bdc867f1620a2bce3be',	'Φούρνος/Τσουρέκια',	'ee0022e7b1b34eb2b834ea334cda52e7'),
('181add033f2d4d95b46844abf619dd30',	'Στοματικά διαλύματα',	'8e8117f7d9d64cf1a931a351eb15bd69'),
('19c54e78d74d4b64afbb1fd124f01dfc',	'Σνάκς/Κρουασάν',	'ee0022e7b1b34eb2b834ea334cda52e7'),
('1b59d5b58fb04816b8f6a74a4866580a',	'Επίδεσμοι',	'8e8117f7d9d64cf1a931a351eb15bd69'),
('1e9187fb112749ff888b11fd64d79680',	'Λάδι',	'ee0022e7b1b34eb2b834ea334cda52e7'),
('1eb56e6ffa2a449296fb1acc7b714cc5',	'Κατεψυγμένα/Πίτες',	'ee0022e7b1b34eb2b834ea334cda52e7'),
('1eef696c0f874603a59aed909e1b4ce2',	'Έτοιμα γεύματα/Σούπες',	'ee0022e7b1b34eb2b834ea334cda52e7'),
('21051788a9ff4d5d9869d526182b9a5f',	'Αποσμητικά Χώρου',	'd41744460283406a86f8e4bd5010a66d'),
('26e416b6efa745218f810c34678734b2',	'Στοματική υγιεινή',	'8e8117f7d9d64cf1a931a351eb15bd69'),
('2ad2e93c1c0c41b4b9769fe06c149393',	'Μπαχαρικά',	'ee0022e7b1b34eb2b834ea334cda52e7'),
('2bce84e7df694ab1b81486aa2baf555d',	'Σερβιέτες',	'8e8117f7d9d64cf1a931a351eb15bd69'),
('2d711ee19d17429fa7f964d56fe611db',	'Ροφήματα',	'ee0022e7b1b34eb2b834ea334cda52e7'),
('2df01835007545a880dc43f69b5cae07',	'Ξυριστικά - Αποτριχωτικά',	'8e8117f7d9d64cf1a931a351eb15bd69'),
('3010aca5cbdc401e8dfe1d39320a8d1a',	'Αναψυκτικά - Ενεργειακά Ποτά',	'a8ac6be68b53443bbd93b229e2f9cd34'),
('329bdd842f9f41688a0aa017b74ffde4',	'Μπύρες',	'a8ac6be68b53443bbd93b229e2f9cd34'),
('35410eeb676b4262b651997da9f42777',	'Αποσμητικά',	'8e8117f7d9d64cf1a931a351eb15bd69'),
('35cce434592f489a9ed37596951992b3',	'Σνάκς/Μπισκότα',	'ee0022e7b1b34eb2b834ea334cda52e7'),
('3935d6afbf50454595f1f2b99285ce8c',	'Κύβοι',	'ee0022e7b1b34eb2b834ea334cda52e7'),
('3be81b50494d4b5495d5fea3081759a6',	'Είδη γενικού καθαρισμού',	'd41744460283406a86f8e4bd5010a66d'),
('3d01f4ce48ad422b90b50c62b1f8e7f2',	'Κρασιά',	'a8ac6be68b53443bbd93b229e2f9cd34'),
('3d0c29b055f8417eb1c679fbfdc37da0',	'Σαμπουάν - Αφρόλουτρα',	'8016e637b54241f8ad242ed1699bf2da'),
('3d22916b908b40b385bebe4b478cf107',	'Φρέσκα/Ψάρι',	'ee0022e7b1b34eb2b834ea334cda52e7'),
('3f38edda7854447a837956d64a2530fa',	'Κατεψυγμένα/Πίτσες',	'ee0022e7b1b34eb2b834ea334cda52e7'),
('463e30b829274933ab7eb8e4b349e2c5',	'Τυποποιημένα κρεατικά',	'ee0022e7b1b34eb2b834ea334cda52e7'),
('46b02b6b4f4c4d5d8a0efe21d0981027',	'Σαμπουάν - Αφρόλουτρα',	'8e8117f7d9d64cf1a931a351eb15bd69'),
('4c73d0eccd1e4dde8bb882e436a64ebb',	'Τυριά',	'ee0022e7b1b34eb2b834ea334cda52e7'),
('4e4cf5616e0f43aaa985c1300dc7109e',	'Κρέμες γάλακτος',	'ee0022e7b1b34eb2b834ea334cda52e7'),
('4f1993ca5bd244329abf1d59746315b8',	'Χυμοί',	'a8ac6be68b53443bbd93b229e2f9cd34'),
('4f205aaec31746b89f40f4d5d845b13e',	'Έτοιμα γεύματα/Σαλάτες',	'ee0022e7b1b34eb2b834ea334cda52e7'),
('509b949f61cc44f58c2f25093f7fc3eb',	'Επιδόρπια',	'ee0022e7b1b34eb2b834ea334cda52e7'),
('50e8a35122854b2b9cf0e97356072f94',	'Όσπρια',	'ee0022e7b1b34eb2b834ea334cda52e7'),
('5935ab588fa444f0a71cc424ad651d12',	'Προϊόντα μαλλιών',	'8e8117f7d9d64cf1a931a351eb15bd69'),
('5a2a0575959c40d6a46614ab99b2d9af',	'Περιποίηση προσώπου',	'8e8117f7d9d64cf1a931a351eb15bd69'),
('5aba290bf919489da5810c6122f0bc9b',	'Πελτές τομάτας',	'ee0022e7b1b34eb2b834ea334cda52e7'),
('5c5e625b739b4f19a117198efae8df21',	'Κατεψυγμένα/Πατάτες',	'ee0022e7b1b34eb2b834ea334cda52e7'),
('5d0be05c3b414311bcda335b036202f1',	'Ρύζι',	'ee0022e7b1b34eb2b834ea334cda52e7'),
('5dca69b976c94eccbf1341ee4ee68b95',	'Ξύδι',	'ee0022e7b1b34eb2b834ea334cda52e7'),
('6d084e8eab4945cdb4563d7ff49f0dc3',	'Κατεψυγμένα/Λαχανικά',	'ee0022e7b1b34eb2b834ea334cda52e7'),
('6d2babbc7355444ca0d27633207e4743',	'Αυγά',	'ee0022e7b1b34eb2b834ea334cda52e7'),
('6db091264f494c86b9cf22a562593c82',	'Οδοντόβουρτσες',	'8e8117f7d9d64cf1a931a351eb15bd69'),
('724700777199431e9d42861b2ed63cd5',	'Γιαούρτια',	'8016e637b54241f8ad242ed1699bf2da'),
('79728a412a1749ac8315501eb77550f9',	'Μάσκες Προσώπου',	'2d5f74de114747fd824ca8a6a9d687fa'),
('7ca5dc60dd00483897249e0f8516ee91',	'Κατεψυγμένα/Ψάρια',	'ee0022e7b1b34eb2b834ea334cda52e7'),
('7cfab59a5d9c4f0d855712290fc20c7f',	'Προφυλακτικά',	'8e8117f7d9d64cf1a931a351eb15bd69'),
('7cfe21f0f1944b379f0fead1c8702099',	'Καραμέλες - Τσίχλες',	'ee0022e7b1b34eb2b834ea334cda52e7'),
('7e86994327f64e3ca967c09b5803966a',	'Βρεφικές τροφές',	'8016e637b54241f8ad242ed1699bf2da'),
('8851b315e2f0486180be07facbc3b21f',	'Σνάκς/Ποπ κορν',	'ee0022e7b1b34eb2b834ea334cda52e7'),
('8ef82da99b284c69884cc7f3479df1ac',	'Φρέσκα/Κοτόπουλο',	'ee0022e7b1b34eb2b834ea334cda52e7'),
('8f1b83b1ab3e4ad1a62df8170d1a0a25',	'Αντισηπτικά',	'e4b4de2e31fc43b7b68a0fe4fbfad2e6'),
('8f98818a7a55419fb42ef1d673f0bb64',	'Εντομoκτόνα - Εντομοαπωθητικά',	'd41744460283406a86f8e4bd5010a66d'),
('916a76ac76b3462baf2db6dc508b296b',	'Δημητριακά',	'ee0022e7b1b34eb2b834ea334cda52e7'),
('926262c303fe402a8542a5d5cf3ac7eb',	'Pet shop/Τροφή γάτας',	'662418cbd02e435280148dbb8892782a'),
('92680b33561c4a7e94b7e7a96b5bb153',	'Μωρομάντηλα',	'8016e637b54241f8ad242ed1699bf2da'),
('991276688c8c4a91b5524b1115122ec1',	'Απορρυπαντικά',	'8016e637b54241f8ad242ed1699bf2da'),
('9b7795175cbc4a6d9ca37b8ee9bf5815',	'Κατεψυγμένα/Κρεατικά',	'ee0022e7b1b34eb2b834ea334cda52e7'),
('9bc82778d6b44152b303698e8f72c429',	'Φρέσκα/Λαχανικά',	'ee0022e7b1b34eb2b834ea334cda52e7'),
('9c86a88f56064f8588d42eee167d1f8a',	'Κρεμοσάπουνα - Σαπούνι',	'8e8117f7d9d64cf1a931a351eb15bd69'),
('a02951b1c083449b9e7fab2fabd67198',	'Χυμός τομάτας',	'ee0022e7b1b34eb2b834ea334cda52e7'),
('a1a1c2c477b74504b58ad847f7e0c8e1',	'Είδη Ζαχαροπλαστικής',	'ee0022e7b1b34eb2b834ea334cda52e7'),
('a240e48245964b02ba73d1a86a2739be',	'Βούτυρο - Μαργαρίνη',	'ee0022e7b1b34eb2b834ea334cda52e7'),
('a483dd538ecd4ce0bdbba36e99ab5eb1',	'Φούρνος/Φρυγανίες',	'ee0022e7b1b34eb2b834ea334cda52e7'),
('a610ce2a98a94ee788ee5f94b4be82c2',	'Λοιπά προϊόντα',	'8e8117f7d9d64cf1a931a351eb15bd69'),
('a73f11a7f08b41c081ef287009387579',	'Φρέσκα/Χοιρινό',	'ee0022e7b1b34eb2b834ea334cda52e7'),
('a885d8cd1057442c9092af37e79bf7a7',	'Ζάχαρη - Υποκατάστατα ζάχαρης',	'ee0022e7b1b34eb2b834ea334cda52e7'),
('af538008f3ab40989d67f971e407a85c',	'Βαμβάκια',	'8e8117f7d9d64cf1a931a351eb15bd69'),
('b1866f1365a54e2d84c28ad2ca7ab5af',	'Ειδική διατροφή',	'ee0022e7b1b34eb2b834ea334cda52e7'),
('b3992eb422c2495ca02dd19de9d16ad1',	'Γάλα',	'ee0022e7b1b34eb2b834ea334cda52e7'),
('b5d54a3d8dd045fb88d5c31ea794dcc5',	'Είδη κουζίνας - Μπάνιου',	'd41744460283406a86f8e4bd5010a66d'),
('b89cb8dd198748dd8c4e195e4ab2168e',	'Καφέδες',	'ee0022e7b1b34eb2b834ea334cda52e7'),
('bc4d21162fbd4663b0e60aa9bd65115e',	'Εμφιαλωμένα νερά',	'a8ac6be68b53443bbd93b229e2f9cd34'),
('bc66b1d812374aa48d6878730497ede7',	'Παγωτά',	'ee0022e7b1b34eb2b834ea334cda52e7'),
('bcebd8cc2f554017864dbf1ce0069ac5',	'Φούρνος/Παξιμάδια',	'ee0022e7b1b34eb2b834ea334cda52e7'),
('be04eae3ca484928a86984d73bf3cc3a',	'Αλλαντικά',	'ee0022e7b1b34eb2b834ea334cda52e7'),
('c2ce05f4653c4f4fa8f39892bbb98960',	'Φρέσκα/Μοσχάρι',	'ee0022e7b1b34eb2b834ea334cda52e7'),
('c44b50bef9674aaeb06b578122bf4445',	'Κρέμα Σώματος',	'8e8117f7d9d64cf1a931a351eb15bd69'),
('c487e038079e407fb1a356599c2aec3e',	'Φρέσκα/Αφρόψαρο',	'ee0022e7b1b34eb2b834ea334cda52e7'),
('c761cd8b18a246eb81fb21858ac10093',	'Αλεύρι - Σιμιγδάλι',	'ee0022e7b1b34eb2b834ea334cda52e7'),
('c928573dd7bc4b7894d450eadd7f5d18',	'Φούρνος/Ψωμί',	'ee0022e7b1b34eb2b834ea334cda52e7'),
('ce4802b6c9f44776a6e572b3daf93ab1',	'Σάλτσες - Dressings',	'ee0022e7b1b34eb2b834ea334cda52e7'),
('cf079c66251342b690040650104e160f',	'Κρέμες μαλλιών',	'8e8117f7d9d64cf1a931a351eb15bd69'),
('d1315c04b3d64aed93472e41d6e5a6f8',	'Κατεψυγμένα/Φύλλα - Βάσεις',	'ee0022e7b1b34eb2b834ea334cda52e7'),
('d3385ff161f0423aa364017d4413fa77',	'Φρέσκα/Κατσίκι',	'ee0022e7b1b34eb2b834ea334cda52e7'),
('dca17e0bfb4e469c93c011f8dc8ab512',	'Γλυκά/Σοκολάτες',	'ee0022e7b1b34eb2b834ea334cda52e7'),
('ddb733df68324cfc8469c890b32e716d',	'Περιποιήση σώματος',	'8016e637b54241f8ad242ed1699bf2da'),
('de77af9321844b1f863803f338f4a0c2',	'Κρέμα ημέρας',	'8e8117f7d9d64cf1a931a351eb15bd69'),
('df10062ca2a04789bd43d18217008b5f',	'Κονσέρβες',	'ee0022e7b1b34eb2b834ea334cda52e7'),
('df433029824c4b4194b6637db26f69eb',	'Σνάκς/Μπάρες - Ράβδοι',	'ee0022e7b1b34eb2b834ea334cda52e7'),
('e0efaa1776714351a4c17a3a9d412602',	'Πάνες',	'8016e637b54241f8ad242ed1699bf2da'),
('e2f81e96f70e45fb9552452e381529d3',	'Αντρική περιποίηση',	'8e8117f7d9d64cf1a931a351eb15bd69'),
('e397ddcfb34a4640a42b8fa5e999b8c8',	'Γλυκά αλλείματα',	'ee0022e7b1b34eb2b834ea334cda52e7'),
('e60aca31a37a40db8a83ccf93bd116b1',	'Απορρυπαντικά',	'd41744460283406a86f8e4bd5010a66d'),
('e63b2caa8dd84e6ea687168200859baa',	'Γλυκά/Κέικ',	'ee0022e7b1b34eb2b834ea334cda52e7'),
('ea47b5f0016f4f0eb79e3a4b932f7577',	'Σνάκς/Αρτοσκευάσματα',	'ee0022e7b1b34eb2b834ea334cda52e7'),
('ea47cc6b2f6743169188da125e1f3761',	'Φρέσκα/Φρούτα',	'ee0022e7b1b34eb2b834ea334cda52e7'),
('ec9d10b5d68c4d8b8998d51bf6d67188',	'Σνάκς/Πατατάκια',	'ee0022e7b1b34eb2b834ea334cda52e7'),
('f4d8a256e3944c05a3e7b8904b863882',	'Υγρομάντηλα',	'8e8117f7d9d64cf1a931a351eb15bd69'),
('f6007309d91c4410adf000ffd5e8129e',	'Πουρές',	'ee0022e7b1b34eb2b834ea334cda52e7'),
('f87bed0b4b8e44c3b532f2c03197aff9',	'Σνάκς/Γαριδάκια',	'ee0022e7b1b34eb2b834ea334cda52e7'),
('fc71b59318b5410d8ed9da8b42904d77',	'Γάλα',	'8016e637b54241f8ad242ed1699bf2da'),
('fefa136c714945a3b6bcdcb4ee9e8921',	'Κρέμες ενυδάτωσης',	'8e8117f7d9d64cf1a931a351eb15bd69');

ALTER TABLE store AUTO_INCREMENT = 1;

INSERT INTO `store` (`name`, `coordinates`, `store_type`) VALUES
('Lidl',	ST_GeomFromText('POINT(21.712654 38.2080319)'),	'supermarket'),
('The Mart',	ST_GeomFromText('POINT(21.7806567 38.28931)'),	'supermarket'),
('Lidl',	ST_GeomFromText('POINT(21.7434265 38.2633511)'),	'supermarket'),
('Σουπερμάρκετ Ανδρικόπουλος',	ST_GeomFromText('POINT(21.7908028 38.2952086)'),	'supermarket'),
('Σκλαβενίτης',	ST_GeomFromText('POINT(21.7642075 38.2104365)'),	'supermarket'),
('Papakos',	ST_GeomFromText('POINT(21.7622778 38.23553)'),	'convenience'),
('Lidl',	ST_GeomFromText('POINT(21.740082 38.2312926)'),	'supermarket'),
('Σκλαβενίτης',	ST_GeomFromText('POINT(21.7814957 38.3013087)'),	'supermarket'),
('Σκλαβενίτης',	ST_GeomFromText('POINT(21.7489662 38.2596476)'),	'supermarket'),
(	'Ρουμελιώτης SUPER Market',	ST_GeomFromText('POINT(21.7436127 38.2613806)'),	'supermarket'),
('Σκλαβενίτης',	ST_GeomFromText('POINT(21.741582 38.2585236)'),	'supermarket'),
('My market',	ST_GeomFromText('POINT(21.7473265 38.2323892)'),	'supermarket'),
('ΑΒ Βασιλόπουλος',	ST_GeomFromText('POINT(21.7257294 38.2322376)'),	'supermarket'),
('Markoulas',	ST_GeomFromText('POINT(21.7603629 38.2644973)'),	'supermarket'),
('Lidl',	ST_GeomFromText('POINT(21.8051332 38.3067563)'),	'supermarket'),
('Ανδρικόπουλος',	ST_GeomFromText('POINT(21.736371 38.2399863)'),	'supermarket'),
('Σκλαβενίτης',	ST_GeomFromText('POINT(21.7373409 38.2364945)'),	'supermarket'),
('My Market',	ST_GeomFromText('POINT(21.7342362 38.2427052)'),	'supermarket'),
('My market',	ST_GeomFromText('POINT(21.7396708 38.2568618)'),	'supermarket'),
('Ανδρικόπουλος',	ST_GeomFromText('POINT(21.7323293 38.1951968)'),	'supermarket'),
('ΑΒ ΒΑΣΙΛΟΠΟΥΛΟΣ',	ST_GeomFromText('POINT(21.7418506 38.2565589)'),	'supermarket'),
('Σκλαβενίτης',	ST_GeomFromText('POINT(21.733285 38.2434859)'),	'supermarket'),
('Ανδρικόπουλος',	ST_GeomFromText('POINT(21.7302559 38.2427963)'),	'supermarket'),
('Mini Market',	ST_GeomFromText('POINT(21.8364993 38.2725804)'),	'convenience'),
('Carna',	ST_GeomFromText('POINT(21.7667136 38.2795377)'),	'convenience'),
('Mini Market',	ST_GeomFromText('POINT(21.7770011 38.3052409)'),	'convenience'),
('Kronos',	ST_GeomFromText('POINT(21.7296435 38.2425794)'),	'supermarket'),
('Φίλιππας',	ST_GeomFromText('POINT(21.7504681 38.2585639)'),	'convenience'),
('No supermarket',	ST_GeomFromText('POINT(21.7363349 38.2498065)'),	'supermarket'),
('Kiosk',	ST_GeomFromText('POINT(21.735128 38.2490852)'),	'convenience'),
('Kiosk',	ST_GeomFromText('POINT(21.7349115 38.2493169)'),	'convenience'),
('Kiosk',	ST_GeomFromText('POINT(21.7344427 38.2489563)'),	'convenience'),
('Kiosk',	ST_GeomFromText('POINT(21.7413066 38.2569875)'),	'convenience'),
('Kiosk',	ST_GeomFromText('POINT(21.7409531 38.2561434)'),	'convenience'),
('Ανδρικόπουλος - Supermarket',	ST_GeomFromText('POINT(21.7481501 38.2691937)'),	'supermarket'),
('Σκλαβενίτης',	ST_GeomFromText('POINT(21.7497014 38.2690963)'),	'supermarket'),
('Mini Market',	ST_GeomFromText('POINT(21.8764222 38.3277388)'),	'convenience'),
('ΑΒ Βασιλόπουλος',	ST_GeomFromText('POINT(21.7357783 38.2170935)'),	'supermarket'),
('Mini Market',	ST_GeomFromText('POINT(21.7321204 38.2160259)'),	'convenience'),
('3A',	ST_GeomFromText('POINT(21.7396687 38.2504514)'),	'supermarket'),
('Spar',	ST_GeomFromText('POINT(21.7389771 38.2486316)'),	'supermarket'),
('ΑΝΔΡΙΚΟΠΟΥΛΟΣ',	ST_GeomFromText('POINT(21.7383224 38.2481545)'),	'supermarket'),
('ΑΝΔΡΙΚΟΠΟΥΛΟΣ',	ST_GeomFromText('POINT(21.7308044 38.2429466)'),	'supermarket'),
('MyMarket',	ST_GeomFromText('POINT(21.7265283 38.2392836)'),	'supermarket'),
('Ena Cash And Carry',	ST_GeomFromText('POINT(21.7253472 38.2346622)'),	'supermarket'),
('ΚΡΟΝΟΣ - (Σκαγιοπουλείου)',	ST_GeomFromText('POINT(21.7294915 38.2358002)'),	'supermarket'),
('Ανδρικόπουλος Super Market',	ST_GeomFromText('POINT(21.7306406 38.2379176)'),	'supermarket'),
('3Α Αράπης',	ST_GeomFromText('POINT(21.7328984 38.2375068)'),	'supermarket'),
('Γαλαξίας',	ST_GeomFromText('POINT(21.733787 38.2361127)'),	'supermarket'),
('Super Market Θεοδωρόπουλος',	ST_GeomFromText('POINT(21.7283123 38.2360129)'),	'supermarket'),
('Super Market ΚΡΟΝΟΣ',	ST_GeomFromText('POINT(21.7340723 38.2390442)'),	'supermarket'),
('Σκλαβενίτης',	ST_GeomFromText('POINT(21.7428703 38.2601801)'),	'supermarket'),
('3A ARAPIS',	ST_GeomFromText('POINT(21.7460078 38.2586424)'),	'supermarket'),
('Μασούτης',	ST_GeomFromText('POINT(21.7355058 38.2454669)'),	'supermarket'),
('ΑΒ Shop & Go',	ST_GeomFromText('POINT(21.7380288 38.24957)'),	'supermarket'),
('3Α ΑΡΑΠΗΣ',	ST_GeomFromText('POINT(21.7455558 38.2398789)'),	'supermarket'),
('Περίπτερο',	ST_GeomFromText('POINT(21.7408745 38.2554443)'),	'convenience');

ALTER TABLE item AUTO_INCREMENT = 1;

INSERT INTO `item` (`name`, `photo`, `belongs_to`) VALUES
('Κύκνος Τομάτες Αποφλ Ολoκλ 400γρ',	NULL,	'a02951b1c083449b9e7fab2fabd67198'),
('Elite Φρυγανιές Ολικής Άλεσης 180γρ',	NULL,	'a483dd538ecd4ce0bdbba36e99ab5eb1'),
('Trata Σαρδέλα Λαδιού 100γρ',	NULL,	'df10062ca2a04789bd43d18217008b5f'),
('Μεβγάλ Τυρί Ημισκλ Μακεδ 420γρ',	NULL,	'4c73d0eccd1e4dde8bb882e436a64ebb'),
('Μινέρβα Χωριό Μαργαρίνη Με Ελαιόλαδο 250γρ',	NULL,	'a240e48245964b02ba73d1a86a2739be'),
('Εύρηκα Λευκαντικό 60γρ',	NULL,	'3be81b50494d4b5495d5fea3081759a6'),
('Sprite 330ml',	NULL,	'3010aca5cbdc401e8dfe1d39320a8d1a'),
('Μετέωρα Ξύδι Λευκού Κρασιού 400ml',	NULL,	'5dca69b976c94eccbf1341ee4ee68b95'),
('Μέλισσα Τορτελίνια Γεμ Τυρίων 250γρ',	NULL,	'0c347b96540a427e9823f321861ce58e'),
('Klinex Χλωρίνη Ultra Lemon 750ml',	NULL,	'3be81b50494d4b5495d5fea3081759a6'),
('Στεργίου Τσουρέκι 380γρ',	NULL,	'0e1982336d8e4bdc867f1620a2bce3be'),
('Sani Πάνα Ακρατ Sensitive N4 Xlarge 10τεμ',	NULL,	'0bf072374a8e4c40b915e4972990a417'),
('3 Άλφα Ρεβύθια Χονδρά Εισαγωγής 500γρ',	NULL,	'50e8a35122854b2b9cf0e97356072f94'),
('Soupline Mistral Μαλακτικό Συμπ 28πλ',	NULL,	'3be81b50494d4b5495d5fea3081759a6'),
('Knorr Κύβοι Ζωμού Λαχανικών Extra Γεύση 147γρ',	NULL,	'3935d6afbf50454595f1f2b99285ce8c'),
('Ζαγόρι Νερό 500ml',	NULL,	'bc4d21162fbd4663b0e60aa9bd65115e'),
('Hansaplast Universal Αδιάβροχα 20τεμ',	NULL,	'1b59d5b58fb04816b8f6a74a4866580a'),
('Friskies Άμμος Υγιεινής 5κιλ',	NULL,	'926262c303fe402a8542a5d5cf3ac7eb'),
('Everyday Σερβ Super/Ultra Plus Sens 10τεμ',	NULL,	'2bce84e7df694ab1b81486aa2baf555d'),
('Έψα Λεμοναδα 232ml',	NULL,	'3010aca5cbdc401e8dfe1d39320a8d1a'),
('Pyrox Εντομ/Κο Σπιράλ 10τεμ',	NULL,	'8f98818a7a55419fb42ef1d673f0bb64'),
('Fairy Υγρό Πιάτων Ultra Λεμόνι 900ml',	NULL,	'e60aca31a37a40db8a83ccf93bd116b1'),
('Δέλτα Γάλα Πλήρες 2λιτ',	NULL,	'b3992eb422c2495ca02dd19de9d16ad1'),
('Elite Φρυγανιές Σταριού Κουτί 250γρ',	NULL,	'a483dd538ecd4ce0bdbba36e99ab5eb1'),
('Nestle Φαρίν Λακτέ 350γρ',	NULL,	'7e86994327f64e3ca967c09b5803966a'),
('Μπριζόλες Καρέ/Κόντρα Χοιρ Νωπές Εισ Μ/Ο ',	NULL,	'a73f11a7f08b41c081ef287009387579'),
('Fissan Baby Κρέμα 50γρ',	NULL,	'ddb733df68324cfc8469c890b32e716d'),
('Νουνού Γάλα Family Υψ Θερ Επ Light 1,5% 1,5λιτ',	NULL,	'b3992eb422c2495ca02dd19de9d16ad1'),
('Everyday Σερβ Extr Long/Ultra Plus Hyp 10τεμ',	NULL,	'2bce84e7df694ab1b81486aa2baf555d'),
('Bailey\'s Irish Cream Λικέρ 700ml',	NULL,	'08f280dee57c4b679be0102a8ba1343b'),
('Nivea Γαλάκτ Καθαρ Ξηρ/ Ευαίσθ Επιδ 200ml',	NULL,	'5a2a0575959c40d6a46614ab99b2d9af'),
('Dr Beckmann Καθαρ Πλυν Ρούχ 250γρ',	NULL,	'3be81b50494d4b5495d5fea3081759a6'),
('Klinex Σπρέυ 4σε1 750ml',	NULL,	'3be81b50494d4b5495d5fea3081759a6'),
('Τεντούρα Κάστρο Λικέρ 500ml',	NULL,	'08f280dee57c4b679be0102a8ba1343b'),
('Ήλιος Πιπέρι Μαύρο Τριμμένο 40gr',	NULL,	'2ad2e93c1c0c41b4b9769fe06c149393'),
('Agrino Φασόλια Μέτρια 500γρ',	NULL,	'50e8a35122854b2b9cf0e97356072f94'),
('Αχλάδια Κρυσταλία Εισ Εξτρα',	NULL,	'ea47cc6b2f6743169188da125e1f3761'),
('Αρνιά Νωπά Ελλην Γαλ Τεμ Χ/Κ Χ/Σ Συσκ/Νο',	NULL,	'0936072fcb3947f3baf83e31bb5c1cab'),
('Overlay Κρέμα Επίπλων 250ml',	NULL,	'3be81b50494d4b5495d5fea3081759a6'),
('Μεταξά 3 Μπράντυ 350ml',	NULL,	'08f280dee57c4b679be0102a8ba1343b'),
('Fornet Καθαρ Φούρνου 300ml',	NULL,	'3be81b50494d4b5495d5fea3081759a6'),
('Pyrox Εντομ/Ko Σπιράλ 20τεμ',	NULL,	'8f98818a7a55419fb42ef1d673f0bb64'),
('Axe Αποσμητικό Σπρέυ Africa 150ml',	NULL,	'35410eeb676b4262b651997da9f42777'),
('Roli Καθαριστικό Σκόνη Για Όλες Τις Επιφάνειες Λεμονί 500γρ',	NULL,	'3be81b50494d4b5495d5fea3081759a6'),
('Λακωνία Φυσικός Χυμός Πορτοκάλι 1λιτ',	NULL,	'4f1993ca5bd244329abf1d59746315b8'),
('Axe Αφροντούς Africa 400ml',	NULL,	'46b02b6b4f4c4d5d8a0efe21d0981027'),
('Red Bull Ενεργειακό Ποτό 250ml',	NULL,	'3010aca5cbdc401e8dfe1d39320a8d1a'),
('Becel Pro Activ Μαργαρίνη Σκαφ 250γρ',	NULL,	'a240e48245964b02ba73d1a86a2739be'),
('Μπριζόλες Καρέ/Κόντρα Χοιρ Νωπές Ελλ Μ/Ο ',	NULL,	'a73f11a7f08b41c081ef287009387579'),
('Κανάκι Σφολιατ Χωρ Στρ Κουρού 450γρ',	NULL,	'd1315c04b3d64aed93472e41d6e5a6f8'),
('Fissan Baby Ενυδατική κρέμα 150 ml',	NULL,	'ddb733df68324cfc8469c890b32e716d'),
('Regilait Γάλα Αποβ/Νο Σε Σκόνη 250γρ',	NULL,	'fc71b59318b5410d8ed9da8b42904d77'),
('Pescanova Μπακαλιαράκια 600γρ',	NULL,	'7ca5dc60dd00483897249e0f8516ee91'),
('Maggi Κύβοι Ζωμού Λαχανικών 6λιτ 12τεμ',	NULL,	'3935d6afbf50454595f1f2b99285ce8c'),
('Pampers Πάνες Μωρού Premium Pants Nο 4 9-15κιλ 38τεμ',	NULL,	'e0efaa1776714351a4c17a3a9d412602'),
('Nivea Black/White Invisible 48h Rollon 50ml',	NULL,	'35410eeb676b4262b651997da9f42777'),
('Moscato D\'Αsti Casarito Κρασί 750ml',	NULL,	'3d01f4ce48ad422b90b50c62b1f8e7f2'),
('Calliga Demi Sec Ροζέ Οίνος 750ml',	NULL,	'3d01f4ce48ad422b90b50c62b1f8e7f2'),
('Monster Energy Drink 500ml',	NULL,	'3010aca5cbdc401e8dfe1d39320a8d1a'),
('Fissan Baby Bagnetto Υποαλ Σαμπουάν/Αφρόλ 500ml',	NULL,	'3d0c29b055f8417eb1c679fbfdc37da0'),
('Dove Αφροντούς Deep Nour 500ml',	NULL,	'46b02b6b4f4c4d5d8a0efe21d0981027'),
('Γιώτης Μπισκοτόκρεμα 300γρ',	NULL,	'7e86994327f64e3ca967c09b5803966a'),
('Pampers Πάνες Premium Care Nο 3 5-9 κιλ 20τεμ',	NULL,	'e0efaa1776714351a4c17a3a9d412602'),
('Neomat Total Eco Απορ Σκον 14πλ 700γρ',	NULL,	'e60aca31a37a40db8a83ccf93bd116b1'),
('Γιώτης Κορν Φλάουρ 200γρ',	NULL,	'a1a1c2c477b74504b58ad847f7e0c8e1'),
('Φάγε Γιαούρτι Αγελαδίτσα 4% 3χ200γρ',	NULL,	'0364b4be226146699140e81a469d04a1'),
('Maggi Πουρές Χ Γλουτ 250γρ',	NULL,	'b1866f1365a54e2d84c28ad2ca7ab5af'),
('Finish Αποσκλ/Κο Αλάτι Πλυν 2,5κιλ',	NULL,	'3be81b50494d4b5495d5fea3081759a6'),
('Svelto Gel Υγρό Πιάτων Λεμόνι 500ml',	NULL,	'e60aca31a37a40db8a83ccf93bd116b1'),
('Del Monte Κομπόστα Ανανά Φέτες 565γρ',	NULL,	'df10062ca2a04789bd43d18217008b5f'),
('Κολοκυθάκια Εγχ',	NULL,	'9bc82778d6b44152b303698e8f72c429'),
('Μακβελ Μακαρόνια Σπαγγέτι No 10 500γρ',	NULL,	'0c347b96540a427e9823f321861ce58e'),
('Quaker Τραγανές Μπουκ Σοκολ Υγείας 375γρ',	NULL,	'916a76ac76b3462baf2db6dc508b296b'),
('Ferrero Kinder Αυγό Εκπλ Χ Γλουτ 3τ 60γρ',	NULL,	'b1866f1365a54e2d84c28ad2ca7ab5af'),
('Ίον Σοκοφρέτα Μίνι Σακουλάκι 210γρ',	NULL,	'dca17e0bfb4e469c93c011f8dc8ab512'),
('Kellogg\'s Δημητριακά Choco Pops Chocos 500γρ',	NULL,	'916a76ac76b3462baf2db6dc508b296b'),
('Παλίρροια Ντολμαδάκια Γιαλαντζί 280γρ',	NULL,	'df10062ca2a04789bd43d18217008b5f'),
('Φάγε Total Γιαούρτι 5% Φάγε 3Χ200γρ',	NULL,	'0364b4be226146699140e81a469d04a1'),
('Johnson\'s Baby Λοσιόν Bedtime 300ml',	NULL,	'ddb733df68324cfc8469c890b32e716d'),
('Κανάκι Pizza Special 3 Χ 460γρ',	NULL,	'3f38edda7854447a837956d64a2530fa'),
('Κύκνος Τοματοπολτός 410γρ',	NULL,	'5aba290bf919489da5810c6122f0bc9b'),
('Κρασί Της Παρέας Ροζέ Κοκκινέλι 1λιτ',	NULL,	'3d01f4ce48ad422b90b50c62b1f8e7f2'),
('Quaker Τραγ Μπουκ 4 Ξηροί Καρποί 375γρ',	NULL,	'916a76ac76b3462baf2db6dc508b296b'),
('Μεβγάλ Φέτα Vacuum 400γρ',	NULL,	'4c73d0eccd1e4dde8bb882e436a64ebb'),
('Pedigree Rodeo Σκυλ/Φή Μοσχ 70γρ',	NULL,	'0c6e42d52765495dbbd06c189a4fc80f'),
('Μινέρβα Ελαιόλαδο 1λιτ',	NULL,	'1e9187fb112749ff888b11fd64d79680'),
('Γιώτης Αλεύρι Για Όλες Τις Χρήσεις 1κιλ',	NULL,	'c761cd8b18a246eb81fb21858ac10093'),
('Babylino Πάνες Μωρού Sensitive 16+ κιλ No 6 15τεμ',	NULL,	'e0efaa1776714351a4c17a3a9d412602'),
('Orzene Σαμπουάν Μπύρας Κανον 400ml',	NULL,	'46b02b6b4f4c4d5d8a0efe21d0981027'),
('Dettol Κρεμ Sensitive Αντ/κο 750ml',	NULL,	'8f1b83b1ab3e4ad1a62df8170d1a0a25'),
('Everyday Σερβ Maxi Nig/Ultra Plus Sens 18τεμ',	NULL,	'2bce84e7df694ab1b81486aa2baf555d'),
('Dettol Κρεμοσάπουνο 250ml',	NULL,	'9c86a88f56064f8588d42eee167d1f8a'),
('Εβόλ Γάλα Παστερ Διαλεχτο 3,7% Λ 1λιτ',	NULL,	'b3992eb422c2495ca02dd19de9d16ad1'),
('Νουνού Frisogrow Γάλα 800γρ',	NULL,	'fc71b59318b5410d8ed9da8b42904d77'),
('La Vache Qui Rit Τυροβουτιές 4Χ35γρ',	NULL,	'4c73d0eccd1e4dde8bb882e436a64ebb'),
('Πορτοκ Βαλέντσια Εγ Χυμ Συσκ/Να',	NULL,	'ea47cc6b2f6743169188da125e1f3761'),
('Αττική Μέλι 250γρ',	NULL,	'e397ddcfb34a4640a42b8fa5e999b8c8'),
('Klinex Καθαριστικό Τουαλέτας Block Ροζ Μανόλια 55γρ',	NULL,	'3be81b50494d4b5495d5fea3081759a6'),
('Libero Swimpants Πάνες Small 7-12κιλ 6τεμ',	NULL,	'e0efaa1776714351a4c17a3a9d412602'),
('Scotch Brite Σφουγγ Κουζ Γίγας Αντιβ',	NULL,	'b5d54a3d8dd045fb88d5c31ea794dcc5'),
('Άριστον Αλάτι Ιμαλαΐων Φιάλη 400γρ',	NULL,	'2ad2e93c1c0c41b4b9769fe06c149393'),
('Εύρηκα Σκόνη Antikalk 54γρ',	NULL,	'e60aca31a37a40db8a83ccf93bd116b1'),
('Όλυμπος Γιαούρτι Στραγγιστό 10% 1κιλ',	NULL,	'0364b4be226146699140e81a469d04a1'),
('Nestle Fitness Dark Chocolate 375γρ',	NULL,	'916a76ac76b3462baf2db6dc508b296b'),
('Όλυμπος Γάλα Επιλεγμ. 3,7% Λ 1,5λιτ',	NULL,	'b3992eb422c2495ca02dd19de9d16ad1'),
('Μάσκες Προστασ Προσώπου 50τεμ',	NULL,	'79728a412a1749ac8315501eb77550f9'),
('Μπανάνες Chiquita Εισ',	NULL,	'ea47cc6b2f6743169188da125e1f3761'),
('Pampers Prem Care No5 11-18κιλ 30τεμ',	NULL,	'e0efaa1776714351a4c17a3a9d412602'),
('Jacobs Καφές Φίλτρου Εκλεκτός 250γρ',	NULL,	'b89cb8dd198748dd8c4e195e4ab2168e'),
('Ροδόπη Γιαούρτι Πρόβειο 240γρ',	NULL,	'0364b4be226146699140e81a469d04a1'),
('Καλλιμάνης Γλώσσα Φιλέτο 595γρ',	NULL,	'7ca5dc60dd00483897249e0f8516ee91'),
('Μελιτζάνες Φλάσκες Εισ',	NULL,	'9bc82778d6b44152b303698e8f72c429'),
('Παπαδοπούλου Caprice Ν6 400γρ',	NULL,	'35cce434592f489a9ed37596951992b3'),
('Gillette Fusion 5 Proglide Ξυρ Μηχ+Ανταλ',	NULL,	'2df01835007545a880dc43f69b5cae07'),
('Pampers Πάνες Premium Care Νο 2 4-8κιλ 23τεμ',	NULL,	'e0efaa1776714351a4c17a3a9d412602'),
('Tuboflo Αποφρακτικό Σκόνη Φάκελ 100g',	NULL,	'3be81b50494d4b5495d5fea3081759a6'),
('Αλλατίνη Κέικ Βανίλια Με Κακάο 400γρ',	NULL,	'e63b2caa8dd84e6ea687168200859baa'),
('Baby Care Μωρόμαντηλα Sensitive 63τεμ',	NULL,	'92680b33561c4a7e94b7e7a96b5bb153'),
('Γιώτης Φρουτόκρεμα 5 Φρούτα 300γρ',	NULL,	'7e86994327f64e3ca967c09b5803966a'),
('Πατάτες  Εισ Κατ Α Ε/Ζ ',	NULL,	'9bc82778d6b44152b303698e8f72c429'),
('Neomat Υγρό Απορρυπαντικό Ρούχων Τριαντάφυλλο 62μεζ',	NULL,	'e60aca31a37a40db8a83ccf93bd116b1'),
('Μέλισσα Μακαρόνια Σπαγγετίνη Νο 10 500γρ',	NULL,	'0c347b96540a427e9823f321861ce58e'),
('Gelita Ζελατίνη Φύλλα 20γρ',	NULL,	'a1a1c2c477b74504b58ad847f7e0c8e1'),
('Barilla Μακαρόνια Ν5 500γρ',	NULL,	'0c347b96540a427e9823f321861ce58e'),
('Ω3 Αυγά Αμερικ Γεωργ Σχολής 6τ Large 63-73γρ',	NULL,	'6d2babbc7355444ca0d27633207e4743'),
('Philadelphia Τυρί 200γρ',	NULL,	'4c73d0eccd1e4dde8bb882e436a64ebb'),
('Γιώτης Σοκολάτα Sweet/Balance Χ Γλουτ 100γρ',	NULL,	'b1866f1365a54e2d84c28ad2ca7ab5af'),
('Σαρδέλλες Νωπές Καθαρ Απεντ/νες Ελλην Μεσογ Συσκ/Νες',	NULL,	'c487e038079e407fb1a356599c2aec3e'),
('Pampers Πάνες Μωρού 31τεμ',	NULL,	'e0efaa1776714351a4c17a3a9d412602'),
('Ferrero Kinder Pingui Σοκ/Γκοφρ 4X124γρ',	NULL,	'dca17e0bfb4e469c93c011f8dc8ab512'),
('Rilken Gel Χτεν Clubber 150ml',	NULL,	'e2f81e96f70e45fb9552452e381529d3'),
('Alpro Ρόφημα Αμύγδαλο Χ Γλουτ 1λιτ',	NULL,	'b1866f1365a54e2d84c28ad2ca7ab5af'),
('Maggi Barilla Spaghettoni No7 500γρ',	NULL,	'0c347b96540a427e9823f321861ce58e'),
('Johnson\'s Baby Μπατονέτες Βαμβ 100τεμ',	NULL,	'ddb733df68324cfc8469c890b32e716d'),
('Chupa Chups Melody Γλυφιτζ 12γρ',	NULL,	'7cfe21f0f1944b379f0fead1c8702099'),
('Elnett Λακ Βαμμένα Μαλλ Satin 200ml',	NULL,	'5935ab588fa444f0a71cc424ad651d12'),
('Bic Ξυρ Μηχ Classic 10τεμ',	NULL,	'2df01835007545a880dc43f69b5cae07'),
('Kellogg\'s Special Κ 375γρ',	NULL,	'916a76ac76b3462baf2db6dc508b296b'),
('Flokos Καλαμάρια Φυσ Χυμού 370γρ',	NULL,	'df10062ca2a04789bd43d18217008b5f'),
('Δέλτα Mmmilk Γάλα Οικογεν Χαρτ 1,5% 1,5λιτ',	NULL,	'b3992eb422c2495ca02dd19de9d16ad1'),
('Babylino Sensitive No1 2-5κιλ 28τεμ',	NULL,	'e0efaa1776714351a4c17a3a9d412602'),
('Γιώτης Κουβερτούρα Γαλακ Σταγ 100γρ',	NULL,	'a1a1c2c477b74504b58ad847f7e0c8e1'),
('Tsakiris Πατατάκια Αλάτι 72γρ',	NULL,	'ec9d10b5d68c4d8b8998d51bf6d67188'),
('Λεβέτι Κασέρι Ποπ Φέτες 175γρ',	NULL,	'4c73d0eccd1e4dde8bb882e436a64ebb'),
('Χρυσή Ζύμη Στριφταρi Τυρί Μυζ Μακεδον 850γρ',	NULL,	'1eb56e6ffa2a449296fb1acc7b714cc5'),
('Ντομάτες Εγχ Υδροπ Α ',	NULL,	'9bc82778d6b44152b303698e8f72c429'),
('Creta Farms Λουκαν Χωριατ Μυρ Χ Γλουτ 400γρ',	NULL,	'b1866f1365a54e2d84c28ad2ca7ab5af'),
('Frulite Φρουτοπ Καροτ/Πορτ/Μαγκ 1λιτ',	NULL,	'4f1993ca5bd244329abf1d59746315b8'),
('Finish Υγρό Απορρυπαντικό Πλυντηρίου Πιάτων Lemon 1λιτ',	NULL,	'e60aca31a37a40db8a83ccf93bd116b1'),
('Iglo Κροκέτες Ψαριών Κατεψυγμένες 300γρ',	NULL,	'7ca5dc60dd00483897249e0f8516ee91'),
('Pummaro Χυμός Τομάτα 500γρ',	NULL,	'a02951b1c083449b9e7fab2fabd67198'),
('Φλώρινα Ξυνό Νερό 1λιτ',	NULL,	'bc4d21162fbd4663b0e60aa9bd65115e'),
('Life Φρουτοποτό Πορτ/Μηλ/Καρ 400ml',	NULL,	'4f1993ca5bd244329abf1d59746315b8'),
('Δέλτα Φυσικ Χυμός Smart Ροδ Βερ200ml',	NULL,	'4f1993ca5bd244329abf1d59746315b8'),
('Δέλτα Milko Κακάο 450ml',	NULL,	'b3992eb422c2495ca02dd19de9d16ad1'),
('Overlay Ultra Spray Λιποκαθαριστής Λεμόνι 650ml',	NULL,	'3be81b50494d4b5495d5fea3081759a6'),
('Δέλτα Advance Επιδ Μπαν/Μηλο 2Χ150γρ',	NULL,	'0364b4be226146699140e81a469d04a1'),
('Κατσίκια Νωπά Ελλην Γαλ Τεμ Χ/Κ Χ/Σ  Συσκ/Νο',	NULL,	'd3385ff161f0423aa364017d4413fa77'),
('Όλυμπος Γάλα Επιλεγμ 1,5% Λ 1,5λιτ',	NULL,	'b3992eb422c2495ca02dd19de9d16ad1'),
('Βεμ Ρώσικη Σαλάτα 250γρ',	NULL,	'4f205aaec31746b89f40f4d5d845b13e'),
('Κύκνος Τοματά Τριμμενη 500γρ',	NULL,	'a02951b1c083449b9e7fab2fabd67198'),
('Κύκνος Τομάτα Ψιλ 400γρ',	NULL,	'a02951b1c083449b9e7fab2fabd67198'),
('Alfa Τριγωνάρια Με Τυρί Ανεβατο Κατεψυγμένα 750γρ',	NULL,	'1eb56e6ffa2a449296fb1acc7b714cc5'),
('Μεβγάλ Γάλα Αγελ Λευκό Πλήρες 3,5% 500ml',	NULL,	'b3992eb422c2495ca02dd19de9d16ad1'),
('Μεβγάλ Στραγγιστό Γιαούρτι 2% 1κιλ',	NULL,	'0364b4be226146699140e81a469d04a1'),
('Εν Ελλάδι Γαλοπούλα Καπνιστή Φέτες 160γρ',	NULL,	'be04eae3ca484928a86984d73bf3cc3a'),
('Μεβγάλ Ζελέ Φράουλα 3Χ150γρ',	NULL,	'509b949f61cc44f58c2f25093f7fc3eb'),
('Μεβγάλ High Protein Choc Drink 242ml',	NULL,	'b3992eb422c2495ca02dd19de9d16ad1'),
('Μινέρβα Χωριό Φέτα Ποπ Βιολ Άλμη 350γρ',	NULL,	'4c73d0eccd1e4dde8bb882e436a64ebb'),
('Παπουτσάνη Σαπούνι Πρασ Παραδ 125γρ',	NULL,	'9c86a88f56064f8588d42eee167d1f8a'),
('Εύρηκα Υγρό Απορρυπαντικό Ρούχων Μασσαλίας 30μεζ',	NULL,	'e60aca31a37a40db8a83ccf93bd116b1'),
('Softex Χαρτοπετσέτες Λευκές 30x30 56τεμ',	NULL,	'034941f08ca34f7baaf5932427d7e635'),
('Lipton Ice Tea Green No Sugar 500ml',	NULL,	'4f1993ca5bd244329abf1d59746315b8'),
('Asti Martini Αφρώδης Οίνος 0,75λιτ',	NULL,	'3d01f4ce48ad422b90b50c62b1f8e7f2'),
('Fego Καμφορά Πλακέτα 6τεμ',	NULL,	'8f98818a7a55419fb42ef1d673f0bb64'),
('Όλυμπος Ταχίνι Χ Γλουτ 300γρ',	NULL,	'b1866f1365a54e2d84c28ad2ca7ab5af'),
('Χρυσή Ζύμη Σπιτικά Τριγων Φέτα Κατικ 750γρ',	NULL,	'1eb56e6ffa2a449296fb1acc7b714cc5'),
('Χρυσή Ζύμη Μπουγάτσα Θεσσαλονίκης Με Πραλίνα 450γρ',	NULL,	'1eb56e6ffa2a449296fb1acc7b714cc5'),
('Χρυσή Ζύμη Λουκανικοπιτάκια Κατεψυγμένα Κουρού 800γρ',	NULL,	'1eb56e6ffa2a449296fb1acc7b714cc5'),
('Swiffer Πανάκια Αντ/Κα 16τεμ',	NULL,	'3be81b50494d4b5495d5fea3081759a6'),
('Coca Cola 1,5λιτ',	NULL,	'3010aca5cbdc401e8dfe1d39320a8d1a'),
('Heineken Μπύρα 6X330ml',	NULL,	'329bdd842f9f41688a0aa017b74ffde4'),
('Coca Cola 6Χ330ml',	NULL,	'3010aca5cbdc401e8dfe1d39320a8d1a'),
('Μπάρμπα Στάθης Αρακάς 450γρ',	NULL,	'6d084e8eab4945cdb4563d7ff49f0dc3'),
('Vanish Σαμπουάν Χαλιών 500ml',	NULL,	'3be81b50494d4b5495d5fea3081759a6'),
('OralB Οδ/Mα 1/2/3 75ml',	NULL,	'26e416b6efa745218f810c34678734b2'),
('Everyday Σερβ/Κια XL All Cotton 24τεμ',	NULL,	'2bce84e7df694ab1b81486aa2baf555d'),
('EveryDay Natural Fresh Υγρό Ευαίσθ Περιοχ 200ml',	NULL,	'2bce84e7df694ab1b81486aa2baf555d'),
('Χρυσή Ζύμη Χωριάτικο Φυλλο Κατεψυγμένο 700γρ',	NULL,	'd1315c04b3d64aed93472e41d6e5a6f8'),
('Nescafe Cappuccino 10φακ 140γρ',	NULL,	'b89cb8dd198748dd8c4e195e4ab2168e'),
('Σουρωτή Ανθρακούχο Φυσικό Νερό 250ml',	NULL,	'bc4d21162fbd4663b0e60aa9bd65115e'),
('Skip Υγρό Απορρυπαντικό Ρούχων Spring Fresh 42μεζ',	NULL,	'e60aca31a37a40db8a83ccf93bd116b1'),
('Υφαντής Λουκάνικα Βιέννα Αποφλ Χ Γλουτ 250γρ',	NULL,	'b1866f1365a54e2d84c28ad2ca7ab5af'),
('Fissan Baby Σαπούνι 90γρ',	NULL,	'3d0c29b055f8417eb1c679fbfdc37da0'),
('Nutricia Biskotti 180γρ',	NULL,	'7e86994327f64e3ca967c09b5803966a'),
('Canderel Υποκατάστατο Ζάχαρης 120 Δισκία',	NULL,	'a885d8cd1057442c9092af37e79bf7a7'),
('Ava Υγρό Πιάτων Perle Classic 900ml',	NULL,	'e60aca31a37a40db8a83ccf93bd116b1'),
('Ava Υγρό Πιάτων Action Λευκο Ξυδι Αντλια 650ml',	NULL,	'e60aca31a37a40db8a83ccf93bd116b1'),
('Gilette Ξυρ Μ/Χ Blue II Slalom 5τεμ',	NULL,	'2df01835007545a880dc43f69b5cae07'),
('Ferrero Kinder Αυγό Εκπλ Χ Γλουτ 20γρ',	NULL,	'b1866f1365a54e2d84c28ad2ca7ab5af'),
('Garnier Νερό Ντεμακιγιάζ Micellaire 100ml',	NULL,	'5a2a0575959c40d6a46614ab99b2d9af'),
('Friskies Active Σκυλ/Φή Ξηρά Vital 1,5κιλ',	NULL,	'0c6e42d52765495dbbd06c189a4fc80f'),
('Νίκας Λουκάν Φρανκ Γαλοπ Χ Γλ 280γρ',	NULL,	'b1866f1365a54e2d84c28ad2ca7ab5af'),
('Palette Λακ Πολύ Δυνατή 300ml',	NULL,	'5935ab588fa444f0a71cc424ad651d12'),
('Johnson\'s Baby Oil Ενυδατικό Λάδι, 300ml',	NULL,	'ddb733df68324cfc8469c890b32e716d'),
('3 Άλφα Φασόλια Μέτρια 500γρ',	NULL,	'50e8a35122854b2b9cf0e97356072f94'),
('Pampers Πάνες Βρακάκι Νο 5 11-18κιλ 15τεμ',	NULL,	'e0efaa1776714351a4c17a3a9d412602'),
('Knorr Ζωμός Κότας Σε Κόκκους Extra Γεύση 88γρ',	NULL,	'3935d6afbf50454595f1f2b99285ce8c'),
('Nivea Μάσκα Μέλι για Ξηρ/Ευαίσθ Επιδ 2x7,5ml',	NULL,	'5a2a0575959c40d6a46614ab99b2d9af'),
('Nivea Αφρόλουτρο Cream Care 750ml',	NULL,	'46b02b6b4f4c4d5d8a0efe21d0981027'),
('Lux Σαπούνι Soft/Creamy 125γρ',	NULL,	'9c86a88f56064f8588d42eee167d1f8a'),
('Κατσίκια Νωπά Ελλην Γαλ Ολοκλ Μ/Κ Μ/Σ',	NULL,	'd3385ff161f0423aa364017d4413fa77'),
('Zest Familia Λουκανικοπιτάκια 800γρ',	NULL,	'd1315c04b3d64aed93472e41d6e5a6f8'),
('Agrino Ρύζι Φάνσυ Ελλάδας 1κιλ',	NULL,	'5d0be05c3b414311bcda335b036202f1'),
('Syoss Hairspray Max Ultra Strong 400ml',	NULL,	'5935ab588fa444f0a71cc424ad651d12'),
('Κοντοβερός Σολωμός Φιλέτο Chum 595γρ',	NULL,	'7ca5dc60dd00483897249e0f8516ee91'),
('Υφαντής Πίτσα Rock N Roll 3Χ460γρ',	NULL,	'3f38edda7854447a837956d64a2530fa'),
('Nan Optipro 4 Γάλα Σε Σκόνη Δεύτερης Βρεφικής Ηλικίας 400γρ',	NULL,	'fc71b59318b5410d8ed9da8b42904d77'),
('Γιώτης Κρέμα Ζαχαροπλ Βανίλια 117γρ',	NULL,	'a1a1c2c477b74504b58ad847f7e0c8e1'),
('Pescanova Μπακαλιάρος Φιλέτο 400γρ',	NULL,	'7ca5dc60dd00483897249e0f8516ee91'),
('Ήπειρος Φέτα Ποπ Σε Άλμη 400γρ',	NULL,	'4c73d0eccd1e4dde8bb882e436a64ebb'),
('Tena Lady Maxi 12τεμ',	NULL,	'2bce84e7df694ab1b81486aa2baf555d'),
('Νουνού Gouda Φέτες 200γρ',	NULL,	'4c73d0eccd1e4dde8bb882e436a64ebb'),
('Καλλιμάνης Γαρίδες Αποφλ Μικρές 425γρ',	NULL,	'7ca5dc60dd00483897249e0f8516ee91'),
('Aim Οδοντόβ Μέτρια Antiplaque',	NULL,	'6db091264f494c86b9cf22a562593c82'),
('Εβόλ Γάλα Παστερ Κατσικ Βιολ 590ml',	NULL,	'b3992eb422c2495ca02dd19de9d16ad1'),
('Παπαδοπούλου Τριμμα Φρυγανιας Τριμμα 180γρ',	NULL,	'a483dd538ecd4ce0bdbba36e99ab5eb1'),
('Μινέρβα Χωριό Ορεινές Περιοχές Ελαιόλαδο Παρθένο 2λιτ',	NULL,	'1e9187fb112749ff888b11fd64d79680'),
('Μέλισσα Σπαγγέτι Ν6 500γρ',	NULL,	'0c347b96540a427e9823f321861ce58e'),
('Pescanova Μύδια Ψίχα 450γρ',	NULL,	'7ca5dc60dd00483897249e0f8516ee91'),
('Όλυμπος Γάλα Κατσικίσιο Hπ 3,5% 1λιτ',	NULL,	'b3992eb422c2495ca02dd19de9d16ad1'),
('Misko Μακαρόνια Σπαγγέτι Ν3 500γρ',	NULL,	'0c347b96540a427e9823f321861ce58e'),
('Atrix Κρέμα Χερ Intens Χαμομήλι 150ml',	NULL,	'fefa136c714945a3b6bcdcb4ee9e8921'),
('Ροδόπη Γάλα Χ Λακτόζη 1λιτ',	NULL,	'b1866f1365a54e2d84c28ad2ca7ab5af'),
('Μεβγάλ Harmony 1% Ροδακινο 3Χ200γρ',	NULL,	'0364b4be226146699140e81a469d04a1'),
('Τράτα Γαύρος Φιλέτο Κατεψυγμένος 400γρ',	NULL,	'7ca5dc60dd00483897249e0f8516ee91'),
('Sprite Αναψυκτικό 1,5λιτ',	NULL,	'3010aca5cbdc401e8dfe1d39320a8d1a'),
('Klinex Χλωρίνη Ultra Lemon 1250ml',	NULL,	'3be81b50494d4b5495d5fea3081759a6'),
('Afroso Wc Block Τριαντ 2Χ40ΓΡ',	NULL,	'3be81b50494d4b5495d5fea3081759a6'),
('Fytro Ζάχαρη Καστανή Ακατέργαστη 500γρ',	NULL,	'a885d8cd1057442c9092af37e79bf7a7'),
('Pillsbury Ζύμη Φρέσκια Σφολιάτας 700γρ',	NULL,	'd1315c04b3d64aed93472e41d6e5a6f8'),
('Friskies Adult Ξηρά Γατ/Φή Βοδ/Συκ/Κοτ 400γρ',	NULL,	'926262c303fe402a8542a5d5cf3ac7eb'),
('Libresse Σερβ Goodnight Clip 10τεμ',	NULL,	'2bce84e7df694ab1b81486aa2baf555d'),
('Παυλίδης Μέρεντα Με Φουντούκι 570γρ',	NULL,	'e397ddcfb34a4640a42b8fa5e999b8c8'),
('Τσίχλες Trident Δυόσμος 8γρ',	NULL,	'7cfe21f0f1944b379f0fead1c8702099'),
('Lipton Ice Tea Instant Λεμονι 125γρ',	NULL,	'4f1993ca5bd244329abf1d59746315b8'),
('Lenor Gold Orchid 56μεζ 1,4λιτ',	NULL,	'3be81b50494d4b5495d5fea3081759a6'),
('Pantene Μάσκα Μαλ Αναδόμησης 2λεπτ 300ml',	NULL,	'cf079c66251342b690040650104e160f'),
('Pampers Πάνες Βρακάκι Νο 6 15+κιλ 14τεμ',	NULL,	'e0efaa1776714351a4c17a3a9d412602'),
('Παυλίδης Σοκολάτα Υγείας Αμύγδ 100γρ',	NULL,	'dca17e0bfb4e469c93c011f8dc8ab512'),
('Ace Gentile Ενισχυτικό Πλύσης 2lt',	NULL,	'3be81b50494d4b5495d5fea3081759a6'),
('Barilla Πένες Rigate Νο 73 500γρ',	NULL,	'0c347b96540a427e9823f321861ce58e'),
('Omino Bianco Υγρό Blacκ Wash 25πλ 1,5λιτ',	NULL,	'e60aca31a37a40db8a83ccf93bd116b1'),
('Sanitas Αντικολλητικό Χαρτί 8μετ',	NULL,	'b5d54a3d8dd045fb88d5c31ea794dcc5'),
('Delica Χαρτομάντηλα Αυτοκινήτου Λευκά Big 150τεμ',	NULL,	'034941f08ca34f7baaf5932427d7e635'),
('Cif Άσπρο Creαm 500ml',	NULL,	'3be81b50494d4b5495d5fea3081759a6'),
('Cif Λεμόνι Creαm 500ml',	NULL,	'3be81b50494d4b5495d5fea3081759a6'),
('Colgate Οδ/Μα Sensation Whiten.75ml',	NULL,	'26e416b6efa745218f810c34678734b2'),
('Klinex Υγρό Καθαρισμού Μπάνιου Spray 750ml',	NULL,	'3be81b50494d4b5495d5fea3081759a6'),
('Όλυμπος Γιαούρτι Στραγγιστό 2% Λιπ 1κιλ',	NULL,	'0364b4be226146699140e81a469d04a1'),
('Κορπή Φυσικό Μεταλλικό Νερό 500ml',	NULL,	'bc4d21162fbd4663b0e60aa9bd65115e'),
('Nescafe Classic Στιγμιαίος Καφές 100γρ',	NULL,	'b89cb8dd198748dd8c4e195e4ab2168e'),
('Χρυσή Ζύμη Τυροπιτάκια Κουρου 920γρ',	NULL,	'1eb56e6ffa2a449296fb1acc7b714cc5'),
('Babylino Πάνες Μωρού Sensitive Nο7 17+ κιλ 14τεμ',	NULL,	'e0efaa1776714351a4c17a3a9d412602'),
('Calgon Αποσκ/Κο Νερού Σκόνη 950γρ',	NULL,	'3be81b50494d4b5495d5fea3081759a6'),
('Ferrero Kinder Bueno Σοκ/Τα 43γρ',	NULL,	'dca17e0bfb4e469c93c011f8dc8ab512'),
('Nesquik Δημητριακά Extra Choco Waves 375γρ',	NULL,	'916a76ac76b3462baf2db6dc508b296b'),
('Κιχί Πίτα Με Πράσο Ταψί Κατεψυγμένο 800γρ',	NULL,	'1eb56e6ffa2a449296fb1acc7b714cc5'),
('Soflan Υγρό Απορ Ρούχ Μαλλ/Ευαισθ 950ml',	NULL,	'3be81b50494d4b5495d5fea3081759a6'),
('Sanitas Αλουμινόχαρτο 10μετ',	NULL,	'b5d54a3d8dd045fb88d5c31ea794dcc5'),
('Creta Farm Λουκάνικα Τρικάλων Με Πράσο 400γρ',	NULL,	'be04eae3ca484928a86984d73bf3cc3a'),
('Εν Ελλάδι Μπέικον Καπνιστό Σε Φέτες 100γρ',	NULL,	'be04eae3ca484928a86984d73bf3cc3a'),
('Donna Οινόπνευμα Καθαρό 245ml',	NULL,	'8f1b83b1ab3e4ad1a62df8170d1a0a25'),
('Biofarma Παστέλι Βιολ Με Σουσάμι 30gr',	NULL,	'509b949f61cc44f58c2f25093f7fc3eb'),
('Λουξ Πορτοκαλάδα Μπλε 330ml',	NULL,	'3010aca5cbdc401e8dfe1d39320a8d1a'),
('Neomat Total Eco Απορ Τριαν 14πλ 700γρ',	NULL,	'e60aca31a37a40db8a83ccf93bd116b1'),
('3 Αλφα Ρύζι Καρολίνα 500γρ',	NULL,	'5d0be05c3b414311bcda335b036202f1'),
('Nestle Cookie Crispies 375γρ',	NULL,	'916a76ac76b3462baf2db6dc508b296b'),
('Nescafe Dolce Gusto Cappuccino 16 Καψ',	NULL,	'b89cb8dd198748dd8c4e195e4ab2168e'),
('Pampers Active Baby No5 11-16κιλ 51τεμ',	NULL,	'e0efaa1776714351a4c17a3a9d412602'),
('Agrino Ρύζι Λαΐς Καρολίνα 500γρ',	NULL,	'5d0be05c3b414311bcda335b036202f1'),
('Νέα Φυτίνη Φυτικό Μαγειρικό Λίπος 400γρ',	NULL,	'a240e48245964b02ba73d1a86a2739be'),
('Ρούσσος Νάμα Κρασί Ερυθρό Γλυκο 375ml',	NULL,	'3d01f4ce48ad422b90b50c62b1f8e7f2'),
('OralB Οδ/Μα Pro Exp Prof Prot 75m',	NULL,	'26e416b6efa745218f810c34678734b2'),
('Babylino Πάνες Μωρού Sensitive 11 - 25κιλ No 5 18τεμ',	NULL,	'e0efaa1776714351a4c17a3a9d412602'),
('Μεβγάλ Harmony Gourm ΑλατΚαραμ /Dark Choc 165γρ',	NULL,	'0364b4be226146699140e81a469d04a1'),
('Γιώτης Κρέμα Παιδική Φαρίν Λακτέ 300γρ',	NULL,	'7e86994327f64e3ca967c09b5803966a'),
('Αύρα Φυσικό Μεταλλικό Νερό 500ml',	NULL,	'bc4d21162fbd4663b0e60aa9bd65115e'),
('Μάσκες Προστ Προσώπου 50τεμ Non-Woven',	NULL,	'79728a412a1749ac8315501eb77550f9'),
('Zewa Χαρτί Υγείας Deluxe Χαμομήλι 3 Φύλλα 8τεμ 768γρ',	NULL,	'034941f08ca34f7baaf5932427d7e635'),
('Λουξ Λεμονάδα 330ml',	NULL,	'3010aca5cbdc401e8dfe1d39320a8d1a'),
('Nutricia Biskotti Ζωάκια 180γρ',	NULL,	'7e86994327f64e3ca967c09b5803966a'),
('Dewar\'s Ουίσκι 0,7λιτ',	NULL,	'08f280dee57c4b679be0102a8ba1343b'),
('Pampers Premium Care No 5 11-18κιλ 44τεμ',	NULL,	'e0efaa1776714351a4c17a3a9d412602'),
('Omo Bianco Υγρό Αφρ Μασ Παραδοσ 30πλ',	NULL,	'e60aca31a37a40db8a83ccf93bd116b1'),
('Ίον Κακάο 125γρ',	NULL,	'2d711ee19d17429fa7f964d56fe611db'),
('Μακεδονικό Ταχίνι Σε Βάζο 300γρ',	NULL,	'e397ddcfb34a4640a42b8fa5e999b8c8'),
('Hellmann\'s Μαγιονέζα 225ml',	NULL,	'ce4802b6c9f44776a6e572b3daf93ab1'),
('Becel Μαργαρίνη Light 40% Λιπ 250γρ',	NULL,	'a240e48245964b02ba73d1a86a2739be'),
('Colgate Οδ/Μα Total Original 75ml',	NULL,	'26e416b6efa745218f810c34678734b2'),
('Pillsbury Σάλτσα Για Πίτσα 200γρ',	NULL,	'ce4802b6c9f44776a6e572b3daf93ab1'),
('Δομοκού Τυρί Κατίκι Ποπ 200g',	NULL,	'4c73d0eccd1e4dde8bb882e436a64ebb'),
('Νουνού Γάλα Family 3,6% 1,5λιτ',	NULL,	'b3992eb422c2495ca02dd19de9d16ad1'),
('Βιτάμ Μαργαρίνη Soft Σκαφ 500γρ',	NULL,	'a240e48245964b02ba73d1a86a2739be'),
('Coca Cola 1λιτ',	NULL,	'3010aca5cbdc401e8dfe1d39320a8d1a'),
('Coca Cola Zero 1λιτ',	NULL,	'3010aca5cbdc401e8dfe1d39320a8d1a'),
('Zewa Χαρτί Κουζίνας Με Σχέδια 2τεμ',	NULL,	'034941f08ca34f7baaf5932427d7e635'),
('Μεβγάλ Only 0% Et Συρτ 3Χ200γρ',	NULL,	'0364b4be226146699140e81a469d04a1'),
('Amita Motion Φυσικός Χυμός 330ml',	NULL,	'4f1993ca5bd244329abf1d59746315b8'),
('Klinex Χλωρίνη Lemon 2λιτ',	NULL,	'3be81b50494d4b5495d5fea3081759a6'),
('Άλτις Ελαιόλαδο Δοχείο 4λιτ',	NULL,	'1e9187fb112749ff888b11fd64d79680'),
('Overlay Επίπλων Σπρέυ 250ml',	NULL,	'3be81b50494d4b5495d5fea3081759a6'),
('Cesar Clasicos Σκυλ/Φή Μοσχ 150γρ',	NULL,	'0c6e42d52765495dbbd06c189a4fc80f'),
('Δέλτα Milko Γάλα Παστερ 250ml',	NULL,	'b3992eb422c2495ca02dd19de9d16ad1'),
('Δέλτα Milko Κακάο 500ml',	NULL,	'b3992eb422c2495ca02dd19de9d16ad1'),
('Δέλτα Vitaline 0% Τρ Φρουτ/Δημ 380γρ',	NULL,	'0364b4be226146699140e81a469d04a1'),
('Jacobs Καφές Φίλτρου Εκλεκτός 500γρ',	NULL,	'b89cb8dd198748dd8c4e195e4ab2168e'),
('Becel Pro Activ Ρόφημα Γιαουρ Φράουλα 4Χ100γρ',	NULL,	'0364b4be226146699140e81a469d04a1'),
('Ζαναέ Ντολμαδάκια 280γρ',	NULL,	'df10062ca2a04789bd43d18217008b5f'),
('Omo Υγρό Απορ Τροπ Λουλ 30πλ 1,95l',	NULL,	'e60aca31a37a40db8a83ccf93bd116b1'),
('Knorr Quick Soup Μανιτ Με Κρουτόν 36γρ',	NULL,	'1eef696c0f874603a59aed909e1b4ce2'),
('Lactacyd Intimate Lotion Ευαίσθ Περιοχ 200ml',	NULL,	'46b02b6b4f4c4d5d8a0efe21d0981027'),
('Daκor Corned Beef Μοσχάρι 200γρ',	NULL,	'df10062ca2a04789bd43d18217008b5f'),
('Αρνιά Νωπά Ελλην Γαλ Ολοκλ Χ/Κ Χ/Σ ',	NULL,	'0936072fcb3947f3baf83e31bb5c1cab'),
('Μπούτι Χοιρινό Α/Ο Νωπό Εισ Χ/Δ ',	NULL,	'a73f11a7f08b41c081ef287009387579'),
('Λάπα Βόειου Α/Ο Νωπή Εισ',	NULL,	'c2ce05f4653c4f4fa8f39892bbb98960'),
('Μελιτζάνες Φλάσκες Εγχ',	NULL,	'9bc82778d6b44152b303698e8f72c429'),
('Πατάτες  Ελλ Κατ Α Ε/Ζ',	NULL,	'9bc82778d6b44152b303698e8f72c429'),
('Friskies Adult Ξηρά Γατ/Φή Κουν/Κοτ/Λαχ 400γρ',	NULL,	'926262c303fe402a8542a5d5cf3ac7eb'),
('Κρι Κρι Σπιτικό Επιδόρπιο Γιαουρτιού 2% 1κιλ',	NULL,	'0364b4be226146699140e81a469d04a1'),
('Bonne Maman Μαρμελάδα Φρα Χ Γλ.370γρ',	NULL,	'b1866f1365a54e2d84c28ad2ca7ab5af'),
('Wella Flex Σπρέυ Ultra Strong 250ml',	NULL,	'5935ab588fa444f0a71cc424ad651d12'),
('Γιώτης Μαγιά 3φακ 8γρ',	NULL,	'a1a1c2c477b74504b58ad847f7e0c8e1'),
('Friskies Σκυλ/Φή Βοδ/Κοτ/Λαχ 400γρ',	NULL,	'0c6e42d52765495dbbd06c189a4fc80f'),
('La Vache Qui Rit Τυρί 8τμχ 140γρ',	NULL,	'4c73d0eccd1e4dde8bb882e436a64ebb'),
('Pedigree Σκυλ/Φή Πατέ Κοτοπ/Μοσχ 300γρ',	NULL,	'0c6e42d52765495dbbd06c189a4fc80f'),
('Purina Gold Gourmet Γατ/Φή Βοδ/Κοτ 85γρ',	NULL,	'926262c303fe402a8542a5d5cf3ac7eb'),
('Μεβγάλ Μανούρι 200γρ',	NULL,	'4c73d0eccd1e4dde8bb882e436a64ebb'),
('Johnson Βρέφικη Πουδρα Σωματος 200γρ',	NULL,	'ddb733df68324cfc8469c890b32e716d'),
('Le Petit Marseillais Μάσκα Μαλλ Ξηρ 300ml',	NULL,	'cf079c66251342b690040650104e160f'),
('Nestle Fitness Bars Σοκολάτα 6Χ23,5γρ',	NULL,	'916a76ac76b3462baf2db6dc508b296b'),
('Johnson\'s 24η Κρ Ημ Essentials Hydr SPF15 50ml',	NULL,	'5a2a0575959c40d6a46614ab99b2d9af'),
('Μεβγάλ Παραδοσιακό Γιαούρτι Αγελαδ 220γρ',	NULL,	'0364b4be226146699140e81a469d04a1'),
('Johnson\'s Baby Σαμπουάν 750ml',	NULL,	'3d0c29b055f8417eb1c679fbfdc37da0'),
('L\'Oreal Σαμπ Elvive Color Vive Βαμμένα 400ml',	NULL,	'46b02b6b4f4c4d5d8a0efe21d0981027'),
('Elvive Color Vive Μάσκα Μαλ 300ml',	NULL,	'cf079c66251342b690040650104e160f'),
('Nivea Κρέμα 150ml',	NULL,	'5a2a0575959c40d6a46614ab99b2d9af'),
('Φάγε Τυρί Τριμμένο Gouda 200γρ',	NULL,	'4c73d0eccd1e4dde8bb882e436a64ebb'),
('Βέρμιον Νάουσα Κομπόστα Ροδάκινο 1κιλ',	NULL,	'df10062ca2a04789bd43d18217008b5f'),
('Maltesers Κουφετάκια Σοκολ 37gr',	NULL,	'dca17e0bfb4e469c93c011f8dc8ab512'),
('Νουνού Κρέμα Γάλακτος Πλήρης 330ml',	NULL,	'4e4cf5616e0f43aaa985c1300dc7109e'),
('Pantene Σαμπουάν Αναδόμησης 360ml',	NULL,	'46b02b6b4f4c4d5d8a0efe21d0981027'),
('Snickers Σοκολάτα 50γρ',	NULL,	'dca17e0bfb4e469c93c011f8dc8ab512'),
('Μεβγάλ Harmony 1% Λεμ 3Χ200γρ',	NULL,	'0364b4be226146699140e81a469d04a1'),
('Whiskas Γατ/Φή Κοτόπουλο 400γρ',	NULL,	'926262c303fe402a8542a5d5cf3ac7eb'),
('Champion Κρουασ Πραλίνα Φουντουκ 4X70γρ',	NULL,	'19c54e78d74d4b64afbb1fd124f01dfc'),
('Aim Οδ/Μα Παιδ 2/6ετων 50ml',	NULL,	'26e416b6efa745218f810c34678734b2'),
('Κριθαράκι Μίσκο Χονδρό 500γρ',	NULL,	'0c347b96540a427e9823f321861ce58e'),
('Becel Pro Activ Ρόφημα Με Γαλ 1,8% Λ 1λιτ',	NULL,	'b3992eb422c2495ca02dd19de9d16ad1'),
('Heineken Μπύρα Premium Lager 500ml',	NULL,	'329bdd842f9f41688a0aa017b74ffde4'),
('Αγγούρια Εγχ',	NULL,	'9bc82778d6b44152b303698e8f72c429'),
('Υφαντής Σαλάμι Αέρος Χ Γλουτ 100γρ',	NULL,	'b1866f1365a54e2d84c28ad2ca7ab5af'),
('Agrino Ρύζι Σουπέ Γλασέ 500γρ',	NULL,	'5d0be05c3b414311bcda335b036202f1'),
('Noxzema Αποσμ Rollon Classic 50ml',	NULL,	'35410eeb676b4262b651997da9f42777'),
('Καραμολέγκος Ψωμί Τοστ Σταρένιο 680γρ',	NULL,	'c928573dd7bc4b7894d450eadd7f5d18'),
('Agrino Φασόλια Γίγαντες Ελέφαντες Καστοριάς Π.Γ.Ε. 500γρ',	NULL,	'50e8a35122854b2b9cf0e97356072f94'),
('Λάβδας Καραμέλες Βούτυρου 0% Ζαχαρ 32γρ',	NULL,	'7cfe21f0f1944b379f0fead1c8702099'),
('Παυλίδης Σοκολατα Υγειας Πορτοκ 100γρ',	NULL,	'dca17e0bfb4e469c93c011f8dc8ab512'),
('Ροδάκινα Εγχ',	NULL,	'ea47cc6b2f6743169188da125e1f3761'),
('Barilla Σάλτσα Βασιλικος 400γρ',	NULL,	'ce4802b6c9f44776a6e572b3daf93ab1'),
('Proderm Σαμπουάν/Αφρόλουτρο 1-3 400ml',	NULL,	'3d0c29b055f8417eb1c679fbfdc37da0'),
('Philadelphia Τυρί 300γρ',	NULL,	'4c73d0eccd1e4dde8bb882e436a64ebb'),
('Quaker Νιφ Βρώμης Ολ Άλεσης 500γρ',	NULL,	'916a76ac76b3462baf2db6dc508b296b'),
('Νουνού Γάλα Εβαπορέ 170γρ',	NULL,	'b3992eb422c2495ca02dd19de9d16ad1'),
('Στήθος Φιλέτο Κοτ Ελλην. Νωπό Συσκ/Νο',	NULL,	'8ef82da99b284c69884cc7f3479df1ac'),
('Pantene Κρέμα Μαλλ Αναδόμησης 270ml',	NULL,	'5935ab588fa444f0a71cc424ad651d12'),
('Ίον Σοκολάτες Γάλακτος 70γρ',	NULL,	'dca17e0bfb4e469c93c011f8dc8ab512'),
('EggPro Ροφ Πρωτεΐνης Φράουλα Χ Γλουτ 250ml',	NULL,	'b1866f1365a54e2d84c28ad2ca7ab5af'),
('Lay\'s Πατατάκια Ρίγανη150γρ',	NULL,	'ec9d10b5d68c4d8b8998d51bf6d67188'),
('Pummaro Ψιλοκ Τοματ Κλασ 400γρ',	NULL,	'a02951b1c083449b9e7fab2fabd67198'),
('Κάλας Αλάτι Θαλασσινό Κλασικό 400γρ',	NULL,	'2ad2e93c1c0c41b4b9769fe06c149393'),
('Lipton Χαμομήλι Φακ 10τεμΧ1γρ',	NULL,	'2d711ee19d17429fa7f964d56fe611db'),
('Μεβγάλ Τριμμένο Κεφαλοτύρι 200γρ',	NULL,	'4c73d0eccd1e4dde8bb882e436a64ebb'),
('Everyday Σερβ Norm/Ultra Plus Sens 10τεμ',	NULL,	'2bce84e7df694ab1b81486aa2baf555d'),
('Μεβγάλ Πολίτικο 2Χ150γρ',	NULL,	'509b949f61cc44f58c2f25093f7fc3eb'),
('Klinex Advance Απορρυπαντικό Ρούχων Πλυντηρίου Με Χλώριο 2λιτ',	NULL,	'e60aca31a37a40db8a83ccf93bd116b1'),
('Τράτα Τόνος Φιλέτο 240γρ',	NULL,	'7ca5dc60dd00483897249e0f8516ee91'),
('Πλωμάρι Ούζο 0,7λιτ',	NULL,	'08f280dee57c4b679be0102a8ba1343b'),
('Melissa Σιμιγδάλι Χονδρό 500γρ',	NULL,	'c761cd8b18a246eb81fb21858ac10093'),
('Scotch Brite Σφουγγαράκι Πράσ Κλασ 1τεμ',	NULL,	'3be81b50494d4b5495d5fea3081759a6'),
('Aim Οδ/μα White System 75ml',	NULL,	'26e416b6efa745218f810c34678734b2'),
('Heineken Μπύρα 330ml',	NULL,	'329bdd842f9f41688a0aa017b74ffde4'),
('Μεβγάλ Harmony Gourmet Πορτοκ Νιφ Σοκ 165γρ',	NULL,	'0364b4be226146699140e81a469d04a1'),
('Dettol Κρεμοσάπουνο Soothe 250ml',	NULL,	'9c86a88f56064f8588d42eee167d1f8a'),
('Φάγε Τρικαλινό Τυρί Ζαρί Light Φάγε 380γρ',	NULL,	'4c73d0eccd1e4dde8bb882e436a64ebb'),
('Libero Swimpants Πάνες Midi 10-16κιλ 6τεμ',	NULL,	'e0efaa1776714351a4c17a3a9d412602'),
('Λουμίδης Καφές Ελληνικός 194γρ',	NULL,	'b89cb8dd198748dd8c4e195e4ab2168e'),
('Χρυσή Ζύμη Τυροπίτα Σπιτική 850γρ',	NULL,	'1eb56e6ffa2a449296fb1acc7b714cc5'),
('Libresse Σερβιέτες Ultra Thin Long Wings 8τεμ',	NULL,	'2bce84e7df694ab1b81486aa2baf555d'),
('Φάγε Total Γιαούρτι Στραγγιστό 2% 1κιλ',	NULL,	'0364b4be226146699140e81a469d04a1'),
('Stella Artois Μπύρα 330ml',	NULL,	'329bdd842f9f41688a0aa017b74ffde4'),
('Βιτάμ Μαργαρίνη Soft Light 39% Λιπ 250γρ',	NULL,	'a240e48245964b02ba73d1a86a2739be'),
('Πέρκα Φιλέτο Κτψ Εισ Συσκ/Νη',	NULL,	'7ca5dc60dd00483897249e0f8516ee91'),
('Ariel Υγρό Πλυντηρίου Ρούχων Mountain Spring 54μεζ',	NULL,	'e60aca31a37a40db8a83ccf93bd116b1'),
('Airwick Αντ/Κο Αποσμ Χώρου Βαν/Ορχιδ',	NULL,	'21051788a9ff4d5d9869d526182b9a5f'),
('Αλλατίνη Φαρίνα Κέικ Φλάουρ 500γρ',	NULL,	'c761cd8b18a246eb81fb21858ac10093'),
('Nan Optipro 2 Γάλα Σε Σκόνη Δεύτερης Βρεφικής Ηλικίας 800γρ',	NULL,	'fc71b59318b5410d8ed9da8b42904d77'),
('Νουνού Γάλα Family 1,5% 1λιτ',	NULL,	'b3992eb422c2495ca02dd19de9d16ad1'),
('Ελιά Βόειου Α/Ο Νωπή Ελλ Εκτρ Άνω Των 5 Μην ',	NULL,	'c2ce05f4653c4f4fa8f39892bbb98960'),
('Μπάρμπα Στάθης Σπανάκι Φύλλα 1κιλ',	NULL,	'6d084e8eab4945cdb4563d7ff49f0dc3'),
('Everyday Σερβ Maxi Nig/Ultra Plus Hyp 18τεμ',	NULL,	'2bce84e7df694ab1b81486aa2baf555d'),
('Kellogg\'s Coco Pops Chocos 375γρ',	NULL,	'916a76ac76b3462baf2db6dc508b296b'),
('Amita Motion Φυσικός Χυμός 1λιτ',	NULL,	'4f1993ca5bd244329abf1d59746315b8'),
('Μεβγάλ Ξινόγαλο 500ml',	NULL,	'b3992eb422c2495ca02dd19de9d16ad1'),
('Pampers Prem Care No4 8-14κιλ 34τεμ',	NULL,	'e0efaa1776714351a4c17a3a9d412602'),
('Crunch Σοκολάτα Γάλακτος 100γρ',	NULL,	'dca17e0bfb4e469c93c011f8dc8ab512'),
('Barilla Σάλτσα Pesto Alla Genovese 190γρ',	NULL,	'ce4802b6c9f44776a6e572b3daf93ab1'),
('Babylino Πάνες Μωρού Sensitive No 5+ Εως 27 κιλ 16τεμ',	NULL,	'e0efaa1776714351a4c17a3a9d412602'),
('Babylino Sensitive No6 Econ 15-30κιλ 40τεμ',	NULL,	'e0efaa1776714351a4c17a3a9d412602'),
('Αχλάδια Κρυσταλία Εγχ Εξτρα ',	NULL,	'ea47cc6b2f6743169188da125e1f3761'),
('Μεβγάλ Harmony 1% Φράουλα 3Χ200γρ',	NULL,	'0364b4be226146699140e81a469d04a1'),
('Klinex Υγρό Απορρυπαντικό Ρούχων Fresh Clean 25μεζ',	NULL,	'e60aca31a37a40db8a83ccf93bd116b1'),
('Proderm Ενυδατική Κρέμα 150ml',	NULL,	'ddb733df68324cfc8469c890b32e716d'),
('Duck Στερεό Block Aqua Blue 40ml',	NULL,	'3be81b50494d4b5495d5fea3081759a6'),
('Ζαγόρι Νερό Athletic 750ml',	NULL,	'bc4d21162fbd4663b0e60aa9bd65115e'),
('Χρυσά Αυγά Εξαίρετα Φρέσκα Large 6τ Χ 63γρ Πλαστ Θήκη',	NULL,	'6d2babbc7355444ca0d27633207e4743'),
('Κρίς Κρίς Τόστιμο Ψωμί Τόστ Ολικής Άλεσης 400γρ',	NULL,	'c928573dd7bc4b7894d450eadd7f5d18'),
('Μήλα Στάρκιν Κατ Έξτρα Εγχ',	NULL,	'ea47cc6b2f6743169188da125e1f3761'),
('3 Άλφα Φασόλια Γίγαντες Εισαγωγής 500γρ',	NULL,	'50e8a35122854b2b9cf0e97356072f94'),
('Pescanova Μπακαλιάρος Ρολό Φιλeto 480γρ',	NULL,	'7ca5dc60dd00483897249e0f8516ee91'),
('Κανάκι Βάση Πίτσας Κατεψυγμένη 660γρ',	NULL,	'd1315c04b3d64aed93472e41d6e5a6f8'),
('Κρασί Της Παρέας Ερυθρό 1λιτ',	NULL,	'3d01f4ce48ad422b90b50c62b1f8e7f2'),
('Μέγα Βαμβάκι 100γρ',	NULL,	'af538008f3ab40989d67f971e407a85c'),
('La Vache Qui Rit Τυρί Cheddar Φέτες 200γρ',	NULL,	'4c73d0eccd1e4dde8bb882e436a64ebb'),
('Όλυμπος Γιαούρτι Στραγγιστό 2% 3Χ200γρ',	NULL,	'0364b4be226146699140e81a469d04a1'),
('Τοματίνια Βελανίδι Ε/Ζ',	NULL,	'9bc82778d6b44152b303698e8f72c429'),
('Λαυράκια Υδατ  Ελλην 400/600 Μεσογ',	NULL,	'3d22916b908b40b385bebe4b478cf107'),
('7 Days Κρουασάν Κακάο 70γρ',	NULL,	'19c54e78d74d4b64afbb1fd124f01dfc'),
('Tena Lady Extra 20τεμ',	NULL,	'0bf072374a8e4c40b915e4972990a417'),
('Palmolive Κρεμ Μέλι Γάλα Αντ/κο 750ml',	NULL,	'9c86a88f56064f8588d42eee167d1f8a'),
('Τράτα Σαρδέλες Φιλέτο Κατεψυγμένες 400γρ',	NULL,	'7ca5dc60dd00483897249e0f8516ee91'),
('Neslac Επιδόρπιο Γάλακτος Μπισκότο 4Χ100γρ',	NULL,	'fc71b59318b5410d8ed9da8b42904d77'),
('Μεβγάλ Στραγγιστό Γιαούρτι 3Χ200γρ',	NULL,	'0364b4be226146699140e81a469d04a1'),
('Sanitas Σακ Απορ Ultra 52Χ75cm 10τεμ',	NULL,	'b5d54a3d8dd045fb88d5c31ea794dcc5'),
('Vaseline Petroleum Jelly 100% Καθαρή Βαζελίνη 100 ml',	NULL,	'fefa136c714945a3b6bcdcb4ee9e8921'),
('Amstel Μπύρα Premium Quality 0,5λιτ',	NULL,	'329bdd842f9f41688a0aa017b74ffde4'),
('Gillette Venus Close&Clean+2 Ανταλ',	NULL,	'2df01835007545a880dc43f69b5cae07'),
('Χρυσή Ζύμη Κασερόπιτα Σπιτική 850γρ',	NULL,	'1eb56e6ffa2a449296fb1acc7b714cc5'),
('Dove Deodorant Κρέμα Rollon 50ml',	NULL,	'35410eeb676b4262b651997da9f42777'),
('Klinex Υγρά Πανάκια 30τεμ',	NULL,	'b5d54a3d8dd045fb88d5c31ea794dcc5'),
('Γιώτης Σιρόπι Σοκολάτα 350γρ',	NULL,	'a1a1c2c477b74504b58ad847f7e0c8e1'),
('OralB Χειρ Οδοντoβ 1/2/3 Clas Care 40 Med 2 τεμ',	NULL,	'6db091264f494c86b9cf22a562593c82'),
('Κιλότο Νεαρού Μοσχ Α/Ο Νωπό Εισ',	NULL,	'c2ce05f4653c4f4fa8f39892bbb98960'),
('Halls Καραμ Cool Menthol 28γρ',	NULL,	'7cfe21f0f1944b379f0fead1c8702099'),
('Pedigree Υγ Σκυλ/Φή 3 Ποικ Πουλερικών 400γρ',	NULL,	'0c6e42d52765495dbbd06c189a4fc80f'),
('Μεβγάλ Ζελέ Κεράσι 3Χ150γρ',	NULL,	'509b949f61cc44f58c2f25093f7fc3eb'),
('Μεβγάλ High Protein Vanilla Drink 242ml',	NULL,	'b3992eb422c2495ca02dd19de9d16ad1'),
('Sanitas Παγοκυψέλες 2 Σε 1',	NULL,	'b5d54a3d8dd045fb88d5c31ea794dcc5'),
('Βιτάμ Soft Μαργαρίνη 3/4 250γρ',	NULL,	'a240e48245964b02ba73d1a86a2739be'),
('Ferrero Kinder Σοκολ Bars Χ Γλουτ 8τ 100γρ',	NULL,	'b1866f1365a54e2d84c28ad2ca7ab5af'),
('Εδέμ Φασόλια Κόκκινα Σε Νερό 240γρ.',	NULL,	'50e8a35122854b2b9cf0e97356072f94'),
('Omo Σκόνη Πλυντ Τροπ Λουλούδια 45πλ',	NULL,	'e60aca31a37a40db8a83ccf93bd116b1'),
('Flokos Σκουμπρί Φιλέτο Καπνιστό 160gr',	NULL,	'7ca5dc60dd00483897249e0f8516ee91'),
('Fissan Baby Σαπούνι 30% Eνυδ Kρέμα 100gr',	NULL,	'3d0c29b055f8417eb1c679fbfdc37da0'),
('Μίνι Ούζο Γλυκάνισο 200ml',	NULL,	'08f280dee57c4b679be0102a8ba1343b'),
('Πατάτες  Κύπρου  Κατ Α Συσκ/Νες',	NULL,	'9bc82778d6b44152b303698e8f72c429'),
('Quanto Μαλακτ Ρουχ Ελλ Νησ 2λιτ',	NULL,	'3be81b50494d4b5495d5fea3081759a6'),
('Vanish Oxi Action Ενισχυτικό Πλεύσης 1γρ',	NULL,	'e60aca31a37a40db8a83ccf93bd116b1'),
('Μπανάνες Υπολ Μάρκες ',	NULL,	'ea47cc6b2f6743169188da125e1f3761'),
('Molto Κρουασάν Πραλίνα 80γρ',	NULL,	'19c54e78d74d4b64afbb1fd124f01dfc'),
('Ajax Υγρό Κατά Των Αλάτων Spray Expert 500ml',	NULL,	'3be81b50494d4b5495d5fea3081759a6'),
('Νίκας Γαλοπούλα Καπνιστή Φέτες 160γρ',	NULL,	'be04eae3ca484928a86984d73bf3cc3a'),
('Παπαδοπούλου Αρτοσκεύασμα Πολύσπορο 540γρ',	NULL,	'c928573dd7bc4b7894d450eadd7f5d18'),
('Μεταξά 3 Μπράντυ 700ml',	NULL,	'08f280dee57c4b679be0102a8ba1343b'),
('Persil Black Essenzia Απορ Υγρ 25πλ 1,5λιτ',	NULL,	'e60aca31a37a40db8a83ccf93bd116b1'),
('Akis Ρυζάλευρο 500γρ',	NULL,	'c761cd8b18a246eb81fb21858ac10093'),
('Μεβγάλ Τριμμένο Σκλήρο Τυρί 80γρ',	NULL,	'4c73d0eccd1e4dde8bb882e436a64ebb'),
('Μπούτι Χοιρινό Α/Ο Νωπό Ελλ Χ/Δ ',	NULL,	'a73f11a7f08b41c081ef287009387579'),
('Πατάτες  Κύπρου  Κατ Α Ε/Ζ',	NULL,	'9bc82778d6b44152b303698e8f72c429'),
('Dixan Gel 30πλ',	NULL,	'e60aca31a37a40db8a83ccf93bd116b1'),
('Dixan Υγρό Απορρυπαντικό Ρούχων 42μεζ',	NULL,	'e60aca31a37a40db8a83ccf93bd116b1'),
('Babylino Πάνες Μωρού Sensitive 3-6κιλ Nο 2 26τεμ',	NULL,	'e0efaa1776714351a4c17a3a9d412602'),
('Νουνού Ρόφημα Γάλακτος Calciplus 1λιτ',	NULL,	'b3992eb422c2495ca02dd19de9d16ad1'),
('3 Άλφα Ρύζι Νυχάκι 1κιλ',	NULL,	'5d0be05c3b414311bcda335b036202f1'),
('Όλυμπος Γάλα Επιλεγμ 3,7% Λ 1λιτ',	NULL,	'b3992eb422c2495ca02dd19de9d16ad1'),
('Fairy Υγρό Πιάτων Ultra Κανονικό 900ml',	NULL,	'e60aca31a37a40db8a83ccf93bd116b1'),
('Elite Φρυγανιά Τρίμμα 180γρ',	NULL,	'a483dd538ecd4ce0bdbba36e99ab5eb1'),
('Sensodyne Οδ/μα Complete Protection 75ml',	NULL,	'26e416b6efa745218f810c34678734b2'),
('Barilla Ζυμαρικά Capellini No1 500γρ',	NULL,	'0c347b96540a427e9823f321861ce58e'),
('Αρκάδι Υγρό Πλυντ Baby Με Σαπούνι 26πλυς',	NULL,	'991276688c8c4a91b5524b1115122ec1'),
('Elite Φρυγανιές Σίκαλης 180γρ',	NULL,	'a483dd538ecd4ce0bdbba36e99ab5eb1'),
('Sanitas Μεμβράνη Διάφανη 30μετ',	NULL,	'b5d54a3d8dd045fb88d5c31ea794dcc5'),
('Μήλα Στάρκιν Ζαγορ Πηλίου ΠΟΠ Κατ Έξτρα',	NULL,	'ea47cc6b2f6743169188da125e1f3761'),
('Οίνος Ερ Γλυκ Μαυροδάφνη Αχαΐα 375ml',	NULL,	'3d01f4ce48ad422b90b50c62b1f8e7f2'),
('Agrino Ρύζι Bella Parboiled Χ Γλουτ 1κιλ',	NULL,	'5d0be05c3b414311bcda335b036202f1'),
('Absolut Βότκα 0,7λιτ',	NULL,	'08f280dee57c4b679be0102a8ba1343b'),
('Αλλοτινό Οίνος Ερυθρ Ημιγλυκ 0,5ml',	NULL,	'3d01f4ce48ad422b90b50c62b1f8e7f2'),
('Agrino Φακές Ψιλές Εισαγωγής 500γρ',	NULL,	'50e8a35122854b2b9cf0e97356072f94'),
('Bravo Καφές Κλασικός 95γρ',	NULL,	'b89cb8dd198748dd8c4e195e4ab2168e'),
('Zewa Χαρτι Κουζίνας Wisch And Weg Economy 3τεμ',	NULL,	'034941f08ca34f7baaf5932427d7e635'),
('Κοτοπουλα Ολοκληρα Νωπα Τ.65% Νιτσιακος Π.Α.Ελλην Συσκ/Να',	NULL,	'8ef82da99b284c69884cc7f3479df1ac'),
('Johnson\'s Baby Κρέμα Μαλλ Χωρ Κομπ 500ml',	NULL,	'3d0c29b055f8417eb1c679fbfdc37da0'),
('Garnier Express Ντεμακιγιάζ Ματιών 2σε1 125ml',	NULL,	'5a2a0575959c40d6a46614ab99b2d9af'),
('Κατσέλης Κριτσίνια Μακεδονικά Ολικής Άλεσης 200γρ',	NULL,	'bcebd8cc2f554017864dbf1ce0069ac5'),
('Δωδώνη Γιαούρτι Στραγγιστό 2% 1Kg',	NULL,	'0364b4be226146699140e81a469d04a1'),
('Όλυμπος Γάλα Ζωής Πλήρες Υψ Παστ 1,5λιτ',	NULL,	'b3992eb422c2495ca02dd19de9d16ad1'),
('Bacardi Ρούμι 700ml',	NULL,	'08f280dee57c4b679be0102a8ba1343b'),
('Ava Υγρό Πιάτων Perle Σύμπλεγμα Βιταμινών 430ml',	NULL,	'e60aca31a37a40db8a83ccf93bd116b1'),
('Μεβγάλ Τριμμένο Τυρί Light 10% Λ 200γρ',	NULL,	'4c73d0eccd1e4dde8bb882e436a64ebb'),
('Creta Farms Εν Ελλάδi Λουκάν Παραδ Χ Γλουτ 340γρ',	NULL,	'b1866f1365a54e2d84c28ad2ca7ab5af'),
('Creta Farms Εν Ελλάδι Κεφτεδάκια Κτψ 420γρ',	NULL,	'9b7795175cbc4a6d9ca37b8ee9bf5815'),
('Barilla Maccheroncini Μακαρόνια Για Παστίτσιο 500γρ',	NULL,	'0c347b96540a427e9823f321861ce58e'),
('Klinex Χλωρίνη Classic 1λιτ',	NULL,	'3be81b50494d4b5495d5fea3081759a6'),
('Μπάρμπα Στάθης Ρύζι Με Καλαμπόκι 600γρ',	NULL,	'6d084e8eab4945cdb4563d7ff49f0dc3'),
('Elvive Extraordinary Oil Universal 100ml',	NULL,	'5935ab588fa444f0a71cc424ad651d12'),
('Activel Plus Αντισηπτικό Gel Χεριών 500ml',	NULL,	'8f1b83b1ab3e4ad1a62df8170d1a0a25'),
('Ζαγόρι Φυσικό Μεταλλικό Νερό 1.5λιτ',	NULL,	'bc4d21162fbd4663b0e60aa9bd65115e'),
('Παπαδοπούλου Krispies Σουσάμι 200γρ',	NULL,	'bcebd8cc2f554017864dbf1ce0069ac5'),
('Γιαννιώτη Φύλλο Κρουσ Νωπό 450γρ',	NULL,	'd1315c04b3d64aed93472e41d6e5a6f8'),
('Ροδόπη Γιαούρτι Κατσικίσιο 240γρ',	NULL,	'0364b4be226146699140e81a469d04a1'),
('Pillsbury Αφρατ Ζυμ Για Πίτσα 400γρ',	NULL,	'd1315c04b3d64aed93472e41d6e5a6f8'),
('Γλώσσες Φιλέτο Κτψ Εισ Συσκ/Νες',	NULL,	'7ca5dc60dd00483897249e0f8516ee91'),
('Coca Cola Zero 2Χ1,5λιτ',	NULL,	'3010aca5cbdc401e8dfe1d39320a8d1a'),
('Jumbo Σνακ Γαριδάρες 85gr',	NULL,	'f87bed0b4b8e44c3b532f2c03197aff9'),
('Διβάνη Βούτυρο Αγνό Γάλακτ Λιωμ 500γρ',	NULL,	'a240e48245964b02ba73d1a86a2739be'),
('Gouda Τυρί Φάγε Φέτες 200γρ',	NULL,	'4c73d0eccd1e4dde8bb882e436a64ebb'),
('Flora Μαργαρίνη Πλακ 70% Λιπ 25% 250γρ',	NULL,	'a240e48245964b02ba73d1a86a2739be'),
('Uncle Bens Ρύζι Basmati 500γρ',	NULL,	'5d0be05c3b414311bcda335b036202f1'),
('St Clemens Μπλέ Τυρί Δανίας 100γρ',	NULL,	'4c73d0eccd1e4dde8bb882e436a64ebb'),
('Quanto Μαλακτικό Ρούχων Ελληνικά Νησιά 18μεζ',	NULL,	'e60aca31a37a40db8a83ccf93bd116b1'),
('Pampers Πάνες Μωρού Premium Care Newborn 2-5κιλ 26τεμ',	NULL,	'e0efaa1776714351a4c17a3a9d412602'),
('Παπαδημητρίου Κρέμα Balsamico Λευκή 250ml',	NULL,	'5dca69b976c94eccbf1341ee4ee68b95'),
('Gillette Αφρός Ξυρ Sens Classic 200ml',	NULL,	'e2f81e96f70e45fb9552452e381529d3'),
('Airwick Αποσμ Χώρου Stick Up 120γρ 2τεμ',	NULL,	'21051788a9ff4d5d9869d526182b9a5f'),
('Lipton Τσάι Ρόφημα 10 Φακ 1,5γρ',	NULL,	'2d711ee19d17429fa7f964d56fe611db'),
('Knorr Κύβοι Ζωμού Λαχανικών 12λιτ 24τεμάχια',	NULL,	'3935d6afbf50454595f1f2b99285ce8c'),
('Fairy Original All in One Καψ Πλυντ Πιάτ Λεμόνι 22τεμ',	NULL,	'e60aca31a37a40db8a83ccf93bd116b1'),
('Μινέρβα Χωριό Βούτυρο 41% Επαλ Σκαφ 225γρ',	NULL,	'a240e48245964b02ba73d1a86a2739be'),
('Always Σερβ Ultra Platinum Night 6τεμ',	NULL,	'2bce84e7df694ab1b81486aa2baf555d'),
('Ελιά Νεαρού Μοσχ Α/Ο Νωπή Εισ',	NULL,	'c2ce05f4653c4f4fa8f39892bbb98960'),
('Pom Pon Μαντ Καθαρ Argan Oil 20τεμ',	NULL,	'5a2a0575959c40d6a46614ab99b2d9af'),
('Lenor Υγρό Απορρυπαντικό Ρούχων Gold Orchid 19μεζ',	NULL,	'e60aca31a37a40db8a83ccf93bd116b1'),
('Φράουλες Εγχ',	NULL,	'ea47cc6b2f6743169188da125e1f3761'),
('Life Χυμός Φυσικός Πορτοκάλι 1λιτ',	NULL,	'4f1993ca5bd244329abf1d59746315b8'),
('Φάγε Τρικαλινό Τυρί Ζάρι Φάγε 380γρ',	NULL,	'4c73d0eccd1e4dde8bb882e436a64ebb'),
('Fissan Baby Πούδρα 100gr',	NULL,	'ddb733df68324cfc8469c890b32e716d'),
('Barilla Cannelloni 250γρ',	NULL,	'0c347b96540a427e9823f321861ce58e'),
('McCain Πατάτες Mediterannean 750γρ',	NULL,	'5c5e625b739b4f19a117198efae8df21'),
('Λαυράκια Υδατ  Καθαρ Ελλην400/600 Μεσογ Συσκ/Να',	NULL,	'3d22916b908b40b385bebe4b478cf107'),
('Skip Υγρό Regular 30πλ',	NULL,	'e60aca31a37a40db8a83ccf93bd116b1'),
('Cajoline Συμπυκνωμένο Μαλακτικό Blue Fresh 30μεζ',	NULL,	'e60aca31a37a40db8a83ccf93bd116b1'),
('Syoss Cond Βαμμένα Μαλ 500ml',	NULL,	'cf079c66251342b690040650104e160f'),
('Knorr Μανιταρόσουπα 90γρ',	NULL,	'1eef696c0f874603a59aed909e1b4ce2'),
('Ajax Antistatic Καθαριστικό Για Τζάμια Αντλία 750ml',	NULL,	'3be81b50494d4b5495d5fea3081759a6'),
('Palmolive Αφρόλ Natural Αμυγδ 650ml',	NULL,	'46b02b6b4f4c4d5d8a0efe21d0981027'),
('Soupline Mistral Μαλακτικό Συμπ 82πλ',	NULL,	'3be81b50494d4b5495d5fea3081759a6'),
('Όλυμπος Κεφαλοτύρι Προβ 250γρ',	NULL,	'4c73d0eccd1e4dde8bb882e436a64ebb'),
('Joya Ρόφημα Σογιας Bio Χ Ζαχ 1λιτ',	NULL,	'b1866f1365a54e2d84c28ad2ca7ab5af'),
('Κρεμμύδια Κόκκινα Ξερά Εισ ',	NULL,	'9bc82778d6b44152b303698e8f72c429'),
('Forno Bonomi Μπισκ Σφολιατ 200γρ',	NULL,	'a1a1c2c477b74504b58ad847f7e0c8e1'),
('Κρεμμύδια Ξανθά Ξερά Εγχ',	NULL,	'9bc82778d6b44152b303698e8f72c429'),
('Gillette Sensor Excel Ανταλ Ξυρ 5 τεμ',	NULL,	'2df01835007545a880dc43f69b5cae07'),
('Johnson Baby Βρεφικό Σαμπουάν Χαμομήλι Αντλιά 500ml',	NULL,	'3d0c29b055f8417eb1c679fbfdc37da0'),
('Fix Hellas Μπύρα 6X330ml',	NULL,	'329bdd842f9f41688a0aa017b74ffde4'),
('Mini Babybel Τυρί Classic 10τεμ 200γρ',	NULL,	'4c73d0eccd1e4dde8bb882e436a64ebb'),
('Hansaplast Universal Αδιάβροχα 40τεμ',	NULL,	'1b59d5b58fb04816b8f6a74a4866580a'),
('Nivea After Shave Balsam 100ml',	NULL,	'e2f81e96f70e45fb9552452e381529d3'),
('Nivea Baby Φυσιολογικός Ορός 24Χ5ml',	NULL,	'5a2a0575959c40d6a46614ab99b2d9af'),
('Nivea After Shave Balsam Sens 100ml',	NULL,	'e2f81e96f70e45fb9552452e381529d3'),
('Nivea Κρ Νύχτας Cellular Anti-Age 50ml',	NULL,	'5a2a0575959c40d6a46614ab99b2d9af'),
('Wella New Wave Πηλός Γλυπτικής 75ml',	NULL,	'5935ab588fa444f0a71cc424ad651d12'),
('Nestle Nesquik 375γρ',	NULL,	'916a76ac76b3462baf2db6dc508b296b'),
('Brasso Γυαλιστικό Μετάλλων 150ml',	NULL,	'3be81b50494d4b5495d5fea3081759a6'),
('Johnnie Walker Ουίσκι Black Label 12ετών',	NULL,	'08f280dee57c4b679be0102a8ba1343b'),
('Κανάκι Ζύμη Κατεψυγμένη Κουρού 700γρ',	NULL,	'd1315c04b3d64aed93472e41d6e5a6f8'),
('Finish Εκθαμβωτικό Υγρο Πλυν Πιάτ 400ml',	NULL,	'3be81b50494d4b5495d5fea3081759a6'),
('Ίον Σοκολ Αμυγδ Υγείας 100γρ',	NULL,	'dca17e0bfb4e469c93c011f8dc8ab512'),
('Texas Νιφάδες Βρώμης 500γρ',	NULL,	'916a76ac76b3462baf2db6dc508b296b'),
('Ribena Φρουτοποτό Φραγκοστάφυλλο 250ml',	NULL,	'4f1993ca5bd244329abf1d59746315b8'),
('Ήπειρος Φέτα Μαλακή 400γρ',	NULL,	'4c73d0eccd1e4dde8bb882e436a64ebb'),
('Υφαντής Παριζάκι 330γρ',	NULL,	'be04eae3ca484928a86984d73bf3cc3a'),
('Γιώτης Φρουιζελέ Κεράσι Σε Σκ 200γρ',	NULL,	'a1a1c2c477b74504b58ad847f7e0c8e1'),
('Dirollo Τυρί Ημισκλ 14% Λιπ Φετ 175γρ',	NULL,	'4c73d0eccd1e4dde8bb882e436a64ebb'),
('Παπαδοπούλου Πτι Μπερ Ολικ Αλ 225γρ',	NULL,	'35cce434592f489a9ed37596951992b3'),
('Παπαδοπούλου Φρυγανιές Χωριάτικες Ολικής Άλεσης 240γρ',	NULL,	'a483dd538ecd4ce0bdbba36e99ab5eb1'),
('Amita Φυσικός Χυμός Πορτοκάλι 100% 1λιτ',	NULL,	'4f1993ca5bd244329abf1d59746315b8'),
('Δέλτα Γάλα Daily Υψ Παστ Χ Λακτ 1λιτ',	NULL,	'b3992eb422c2495ca02dd19de9d16ad1'),
('Dixan Υγρό Απορρυπαντικό Ρούχων Άνοιξης 30μεζ',	NULL,	'e60aca31a37a40db8a83ccf93bd116b1'),
('Gillette Fusion Proglide Power Ανταλ 3 τεμ',	NULL,	'2df01835007545a880dc43f69b5cae07'),
('Jannis Παστέλι Σουσάμι Χ Γλ 70γρ',	NULL,	'b1866f1365a54e2d84c28ad2ca7ab5af'),
('Cair Αφρώδης Λευκός Ημίξηρος Οίνος 750ml',	NULL,	'3d01f4ce48ad422b90b50c62b1f8e7f2'),
('Σπάλα Βόειου Α/Ο Νωπή Ελλ Εκτρ Άνω Των 5 Μην',	NULL,	'c2ce05f4653c4f4fa8f39892bbb98960'),
('Παυλίδης Σοκολάτα Υγείας Ν11 100γρ',	NULL,	'dca17e0bfb4e469c93c011f8dc8ab512'),
('Μιμίκος Κοτόπουλο Στηθ Φιλ Νωπό Τυποπ 845γρ',	NULL,	'463e30b829274933ab7eb8e4b349e2c5'),
('Κανάκι Λουκανικοπιτάκια Κατεψυγμένα 920γρ',	NULL,	'1eb56e6ffa2a449296fb1acc7b714cc5'),
('Κύκνος Κέτσαπ Top Down Χ Γλουτ 580γρ',	NULL,	'b1866f1365a54e2d84c28ad2ca7ab5af'),
('Κύκνος Τοματοπολτός 28% Μεταλ 70γρ',	NULL,	'5aba290bf919489da5810c6122f0bc9b'),
('Δέλτα Γάλα 2λιτ',	NULL,	'b3992eb422c2495ca02dd19de9d16ad1'),
('Persil Express Σκόνη Χεριού 420γρ',	NULL,	'e60aca31a37a40db8a83ccf93bd116b1'),
('Καραμολέγκος Δέκα Αρτοσκεύασμα Σταρένιο Σε Φέτες 550γρ',	NULL,	'c928573dd7bc4b7894d450eadd7f5d18'),
('Hellmann\'s Μουστάρδα Απαλή 250γρ',	NULL,	'ce4802b6c9f44776a6e572b3daf93ab1'),
('7 Days Κρουασάν Κακάο 3Χ70γρ',	NULL,	'19c54e78d74d4b64afbb1fd124f01dfc'),
('Μεβγάλ Γιαούρτι Πρόβειο Παραδ 300γρ',	NULL,	'0364b4be226146699140e81a469d04a1'),
('Μεβγάλ Στραγγιστό Γιαούρτι 1κιλ',	NULL,	'0364b4be226146699140e81a469d04a1'),
('Μεβγάλ Γάλα «Κάθε Μέρα» 1.5% 1λιτ',	NULL,	'b3992eb422c2495ca02dd19de9d16ad1'),
('Μεβγάλ Ζελέ Ροδάκινο 3Χ150γρ',	NULL,	'509b949f61cc44f58c2f25093f7fc3eb'),
('Μεβγάλ Κεφίρ Φράουλα 500ml',	NULL,	'b3992eb422c2495ca02dd19de9d16ad1'),
('Μινέρβα Αραβοσιτέλαιο 1λιτ',	NULL,	'1e9187fb112749ff888b11fd64d79680'),
('Babylino Sensitive Econ Ν5+ 13-27κιλ 42τεμ',	NULL,	'e0efaa1776714351a4c17a3a9d412602'),
('Μινέρβα Αραβοσιτέλαιο 2λιτ',	NULL,	'1e9187fb112749ff888b11fd64d79680'),
('Lacta Σοκολάτα Γάλακτος 200γρ',	NULL,	'dca17e0bfb4e469c93c011f8dc8ab512'),
('Palette Βαφή Μαλ Ξανθό N8',	NULL,	'09f2e090f72c4487bc44e5ba4fcea466'),
('Δωδώνη Τυρί Φέτα 400γρ Σε Άλμη',	NULL,	'4c73d0eccd1e4dde8bb882e436a64ebb'),
('Nivea Μάσκα Peel Off 10ml',	NULL,	'5a2a0575959c40d6a46614ab99b2d9af'),
('Μήλα Στάρκιν Ψιλά Συσκ/Να ',	NULL,	'ea47cc6b2f6743169188da125e1f3761'),
('Melissa Σιμιγδάλι Ψιλό 500γρ',	NULL,	'c761cd8b18a246eb81fb21858ac10093'),
('Κορπή Φυσικό Μεταλλικό Νερό1,5λιτ',	NULL,	'bc4d21162fbd4663b0e60aa9bd65115e'),
('Adoro Κρέμα Γάλακτος 35% Λιπαρά 200ml',	NULL,	'4e4cf5616e0f43aaa985c1300dc7109e'),
('Baby Care Μωρομάντηλα Χαμομήλι Minipack 12τεμ',	NULL,	'92680b33561c4a7e94b7e7a96b5bb153'),
('Knorr Ρύζι Risonatto Milanaise 220γρ',	NULL,	'5d0be05c3b414311bcda335b036202f1'),
('Folie Κρουασάν Κρέμα Κακαο 80γρ',	NULL,	'19c54e78d74d4b64afbb1fd124f01dfc'),
('Ωμέγα Special Ρύζι Νυχάκι 500γρ',	NULL,	'5d0be05c3b414311bcda335b036202f1'),
('Amstel Μπύρα 6Χ330ml',	NULL,	'329bdd842f9f41688a0aa017b74ffde4'),
('Μπάρμπα Στάθης Σαλάτα Καλαμπ 450γρ',	NULL,	'6d084e8eab4945cdb4563d7ff49f0dc3'),
('Κρεμμύδια Κόκκινα Ξερά Εγχ',	NULL,	'9bc82778d6b44152b303698e8f72c429'),
('Everyday Σερβ Maxi Nig/Ultra Plus Sens 10τεμ',	NULL,	'2bce84e7df694ab1b81486aa2baf555d'),
('Zwan Luncheon Meat 200γρ',	NULL,	'df10062ca2a04789bd43d18217008b5f'),
('Softex Χαρτί Υγείας Super Giga 2 Φύλλα 12τεμ',	NULL,	'034941f08ca34f7baaf5932427d7e635'),
('Alfa Μπουγάτσα Με Σπανάκι Και Τυρί Κατεψυγμένη 850γρ',	NULL,	'1eb56e6ffa2a449296fb1acc7b714cc5'),
('Knorr Κύβοι Ζωμού Κότας 6λιτ 12τεμάχια',	NULL,	'3935d6afbf50454595f1f2b99285ce8c'),
('Hellmann\'s Μουστάρδα Απαλή 500γρ',	NULL,	'ce4802b6c9f44776a6e572b3daf93ab1'),
('Μεβγάλ High Protein Φρα Drink 237ml',	NULL,	'b3992eb422c2495ca02dd19de9d16ad1'),
('Babylino Πάνες Μωρού Sensitive 4 - 9 κιλ No 3 22τεμ',	NULL,	'e0efaa1776714351a4c17a3a9d412602'),
('Babylino Sensitive No5 Econ 11-25κιλ 44τεμ',	NULL,	'e0efaa1776714351a4c17a3a9d412602'),
('Μίνι Ούζο Επομ 700ml',	NULL,	'08f280dee57c4b679be0102a8ba1343b'),
('Coca Cola 330ml',	NULL,	'3010aca5cbdc401e8dfe1d39320a8d1a'),
('Jose Cuervo Τεκίλα Espec Κιτρ 0,7λιτ',	NULL,	'08f280dee57c4b679be0102a8ba1343b'),
('Camel Υγρο Δερμα Παπουτσιών Μαύρο 75ml',	NULL,	'a610ce2a98a94ee788ee5f94b4be82c2'),
('Noxzema Αφρόλ Talc 750ml',	NULL,	'46b02b6b4f4c4d5d8a0efe21d0981027'),
('Ava Υγρό Πιάτων Perle Χαμομήλι/Λεμόνι 1500ml',	NULL,	'e60aca31a37a40db8a83ccf93bd116b1'),
('Bioten 24η Κρέμα Ενυδ 50ml',	NULL,	'fefa136c714945a3b6bcdcb4ee9e8921'),
('Oral B Στοματικό Διαλ Δοντ/Ουλων 500ml',	NULL,	'181add033f2d4d95b46844abf619dd30'),
('Calgon Gel 750ml',	NULL,	'3be81b50494d4b5495d5fea3081759a6'),
('Νουνού Γάλα Ζαχαρούχο 397γρ',	NULL,	'b3992eb422c2495ca02dd19de9d16ad1'),
('Dettol Κρεμοσάπουνο Citrus 250ml',	NULL,	'9c86a88f56064f8588d42eee167d1f8a'),
('Lipton Τσάι Κίτρινο Φακ 20τεμΧ1,5γρ',	NULL,	'2d711ee19d17429fa7f964d56fe611db'),
('Nivea Νερό Διφασ Ντεμακ Ματιών 125ml',	NULL,	'5a2a0575959c40d6a46614ab99b2d9af'),
('Vanish Oxi Action Ενισχ Πλύσης 500γρ',	NULL,	'3be81b50494d4b5495d5fea3081759a6'),
('Vanish Pink Πολυκαθαριστικό Λεκέδων 30γρ',	NULL,	'3be81b50494d4b5495d5fea3081759a6'),
('Grants Ουίσκι 0,7λιτ',	NULL,	'08f280dee57c4b679be0102a8ba1343b'),
('7 Days Κέικ Bar Κακάο 5Χ30γρ',	NULL,	'e63b2caa8dd84e6ea687168200859baa'),
('Pedigree Denta Stix Small Σκύλου 110γρ',	NULL,	'0c6e42d52765495dbbd06c189a4fc80f'),
('Νίκας Ωμοπλάτη Χωρίς Γλουτένη 160γρ',	NULL,	'b1866f1365a54e2d84c28ad2ca7ab5af'),
('Septona Παιδικό Σαμπουάν Κορίτσια 500ml',	NULL,	'3d0c29b055f8417eb1c679fbfdc37da0'),
('Septona Σερβιέτες Sensitive Ultra Plus Night 8τεμ',	NULL,	'2bce84e7df694ab1b81486aa2baf555d'),
('Adoro Βούτυρο 250γρ',	NULL,	'a240e48245964b02ba73d1a86a2739be'),
('CIF Spray Κουζίνας 500ml',	NULL,	'3be81b50494d4b5495d5fea3081759a6'),
('Νουνού Γάλα Light Μερίδες Διχ 10Χ15γρ',	NULL,	'b3992eb422c2495ca02dd19de9d16ad1'),
('Agrino Ρύζι Basmati Χ Γλουτ 500γρ',	NULL,	'5d0be05c3b414311bcda335b036202f1'),
('Κύκνος Τοματοπολτός 200γρ',	NULL,	'5aba290bf919489da5810c6122f0bc9b'),
('Ruffles Barbeque 130γρ',	NULL,	'ec9d10b5d68c4d8b8998d51bf6d67188'),
('Μύλοι Αγίου Γεωργίου Easy Bake Μειγ Muffin 500γρ',	NULL,	'a1a1c2c477b74504b58ad847f7e0c8e1'),
('Philadelphia Τυρί Light 200γρ',	NULL,	'4c73d0eccd1e4dde8bb882e436a64ebb'),
('Gillette Venus Ξυρ Γυν Ανταλ 4τεμ',	NULL,	'2df01835007545a880dc43f69b5cae07'),
('Καραμολέγκος Ψωμί Τόστ Δέκα Χωριάτικο 500γρ',	NULL,	'c928573dd7bc4b7894d450eadd7f5d18'),
('Καραμολέγκος Παξαμάς Σικαλης 400γρ',	NULL,	'bcebd8cc2f554017864dbf1ce0069ac5'),
('Akis Καλαμποκάλευρο 500γρ',	NULL,	'c761cd8b18a246eb81fb21858ac10093'),
('Λάπα Νεαρού Μοσχ Α/Ο Νωπή Εισ',	NULL,	'c2ce05f4653c4f4fa8f39892bbb98960'),
('Nivea Γαλάκτωμα Καθαρισμού 200ml',	NULL,	'5a2a0575959c40d6a46614ab99b2d9af'),
('Maggi Noodles Γεύση Κοτόπουλο 60γρ',	NULL,	'1eef696c0f874603a59aed909e1b4ce2'),
('Όλυμπος Γιαούρτι Στραγγ 10% Λ 3Χ200γρ',	NULL,	'0364b4be226146699140e81a469d04a1'),
('Μέλισσα Κριθαράκι Μέτριο 500γρ',	NULL,	'0c347b96540a427e9823f321861ce58e'),
('Dr Beckmann Καθαριστικο Φουρνου 375ml',	NULL,	'3be81b50494d4b5495d5fea3081759a6'),
('Παπαδοπούλου Κριτσίνια Μακεδ Ολ Αλ 200γρ',	NULL,	'bcebd8cc2f554017864dbf1ce0069ac5'),
('Μεβγάλ Τριμμένο Σκληρό Τυρί 200γρ',	NULL,	'4c73d0eccd1e4dde8bb882e436a64ebb'),
('Alfa Κιχι Παραδοσιακή Πίτα Με Τυρί 800γρ',	NULL,	'1eb56e6ffa2a449296fb1acc7b714cc5'),
('3 Άλφα Φασόλια Χονδρά Εισαγωγής 500γρ',	NULL,	'50e8a35122854b2b9cf0e97356072f94'),
('Δέλτα Ρόφημα Advance Υψ Παστ Μπουκ 1λιτ',	NULL,	'b3992eb422c2495ca02dd19de9d16ad1'),
('Μιμίκος Κοτόπουλο Φιλ Μπούτ Νωπό Τυποπ 650γρ',	NULL,	'463e30b829274933ab7eb8e4b349e2c5'),
('3 Άλφα Ρύζι Γλασσέ 500γρ',	NULL,	'5d0be05c3b414311bcda335b036202f1'),
('Εύρηκα Bright Ενισχυτικό Πλύσης Πολυκαθαριστικό Λεκέδων 500g',	NULL,	'e60aca31a37a40db8a83ccf93bd116b1'),
('Ροδόπη Γιαούρτι Πρόβειο Βιο 240γρ',	NULL,	'0364b4be226146699140e81a469d04a1'),
('Leerdammer Τόστ Light 10 φέτες 175γρ',	NULL,	'4c73d0eccd1e4dde8bb882e436a64ebb'),
('Τσίπουρα Υδατ Ελλην Β 200/300 Μεσογ',	NULL,	'3d22916b908b40b385bebe4b478cf107'),
('Εβόλ Γάλα Παστερ Αγελαδ Βιολ 1λιτ',	NULL,	'b3992eb422c2495ca02dd19de9d16ad1'),
('Χρυσή Ζύμη Κρουασάν Βουτύρου 300γρ',	NULL,	'd1315c04b3d64aed93472e41d6e5a6f8'),
('Fa Αφρόλ Yoghurt Van Honey 750m',	NULL,	'46b02b6b4f4c4d5d8a0efe21d0981027'),
('Μήλα Στάρκιν Εισ',	NULL,	'ea47cc6b2f6743169188da125e1f3761'),
('Μύλοι Αγίου Γεωργίου Αλεύρι Για Όλες Τις Χρ 1κιλ',	NULL,	'c761cd8b18a246eb81fb21858ac10093'),
('Δωδώνη Γιαούρτι Στραγγιστό 8% 1κιλ',	NULL,	'0364b4be226146699140e81a469d04a1'),
('Τσανός Μουστοκούλουρα 300γρ',	NULL,	'ea47b5f0016f4f0eb79e3a4b932f7577'),
('Calgon Αποσκληρυντικό Νερού Πλυντηρίου Ρουχων Gel 1.5λιτ',	NULL,	'e60aca31a37a40db8a83ccf93bd116b1'),
('Παπαδοπούλου Krispies Ολικής Χωρίς Ζάχαρη 200γρ',	NULL,	'b1866f1365a54e2d84c28ad2ca7ab5af'),
('Χυμός Ρόδι/Μηλ/Καρ Χριστοδούλου 1λιτ',	NULL,	'4f1993ca5bd244329abf1d59746315b8'),
('Νουνού Γάλα Family 3,6% 1λιτ',	NULL,	'b3992eb422c2495ca02dd19de9d16ad1'),
('Παπαδημητρίου Balsamico Βιολογικό Καλαμάτας 250ml',	NULL,	'5dca69b976c94eccbf1341ee4ee68b95'),
('Νουνού Κρέμα Γάλακτος Πλήρης 2Χ330ml',	NULL,	'4e4cf5616e0f43aaa985c1300dc7109e'),
('Μέλισσα Κριθαράκι Χονδρό 500γρ',	NULL,	'0c347b96540a427e9823f321861ce58e'),
('Topine Υγρό Επιφ Red Pine 1λιτ',	NULL,	'3be81b50494d4b5495d5fea3081759a6'),
('Calgon Ταμπλέτες 15τεμ',	NULL,	'3be81b50494d4b5495d5fea3081759a6'),
('Flora Maργαρίνη Soft 60% Λιπ 225γρ',	NULL,	'a240e48245964b02ba73d1a86a2739be'),
('Swiffer Dusters 5τεμ+Χειρολαβή',	NULL,	'b5d54a3d8dd045fb88d5c31ea794dcc5'),
('Fairy Υγρό Απορρυπαντικό Πιάτων Power Spray 375ml',	NULL,	'e60aca31a37a40db8a83ccf93bd116b1'),
('Septona Σαμπουάν Και Αφρόλουτρο Βρεφικό Με Αλοη 500ml',	NULL,	'3d0c29b055f8417eb1c679fbfdc37da0'),
('Coca Cola Zero 330ml',	NULL,	'3010aca5cbdc401e8dfe1d39320a8d1a'),
('Ζωγράφος Μακαρόνια Διαίτης Ν6 500γρ',	NULL,	'b1866f1365a54e2d84c28ad2ca7ab5af'),
('Ντομάτες Εγχ Υπαιθρ Τσαμπί ',	NULL,	'9bc82778d6b44152b303698e8f72c429'),
('Κρίς Κρίς Τόστιμο Ψωμί Τόστ Σταρένιο 800γρ',	NULL,	'c928573dd7bc4b7894d450eadd7f5d18'),
('Lurpak Βούτυρο Ανάλατο 250γρ',	NULL,	'a240e48245964b02ba73d1a86a2739be'),
('Στεργίου Κρουασάν Βιέννης Με Κρέμα Σοκολάτα 120γρ',	NULL,	'19c54e78d74d4b64afbb1fd124f01dfc'),
('Παπαδοπούλου Φρυγανιές Χωριάτικες 240γρ',	NULL,	'a483dd538ecd4ce0bdbba36e99ab5eb1'),
('Μάσκες Προστ Προσώπου 50τεμ',	NULL,	'79728a412a1749ac8315501eb77550f9'),
('Μάσκα προσώπου 10τεμ 1 χρήση',	NULL,	'79728a412a1749ac8315501eb77550f9'),
('Lux Aφρόλ Magical Beauty 700ml',	NULL,	'46b02b6b4f4c4d5d8a0efe21d0981027'),
('Fina Τυρί Φέτες 10% Λιπ 175γρ',	NULL,	'4c73d0eccd1e4dde8bb882e436a64ebb'),
('Zewa Deluxe Χαρτί Υγείας 3 Φύλλα 8τεμ',	NULL,	'034941f08ca34f7baaf5932427d7e635'),
('Viakal Υγρό Καθαρισμού Κατά Των Αλάτων 500ml',	NULL,	'3be81b50494d4b5495d5fea3081759a6'),
('Αγγουράκια Κιλ Τυπ Νειλ – Τυπ Κνωσ',	NULL,	'9bc82778d6b44152b303698e8f72c429'),
('Lavazza Καφές Rossa Espresso 250γρ',	NULL,	'b89cb8dd198748dd8c4e195e4ab2168e'),
('Καρότα Εγχ ',	NULL,	'9bc82778d6b44152b303698e8f72c429'),
('Purina One Γατ/Φή Ξηρά Βοδ/Σιτ 800γρ',	NULL,	'926262c303fe402a8542a5d5cf3ac7eb'),
('Κοτοπουλα Ολοκληρα Νωπα Χυμα Τ.65% Π.Α.Ελλην',	NULL,	'8ef82da99b284c69884cc7f3479df1ac'),
('Pampers Πάνες Μωρού Premium Care Nο 6 13+κιλ 38τεμ',	NULL,	'e0efaa1776714351a4c17a3a9d412602'),
('Ντομάτες Εγχ Υδροπ Κατ  Β.  ',	NULL,	'9bc82778d6b44152b303698e8f72c429'),
('Nan Optipro Γάλα Τρίτης Βρεφικής Ηλικίας 800γρ',	NULL,	'fc71b59318b5410d8ed9da8b42904d77'),
('Σπάλα Νεαρού Μοσχ Α/Ο Νωπή Εισ',	NULL,	'c2ce05f4653c4f4fa8f39892bbb98960'),
('Παυλίδης Μερέντα 360γρ',	NULL,	'e397ddcfb34a4640a42b8fa5e999b8c8'),
('Παυλίδης Κουβερτούρα Κλασ 125γρ',	NULL,	'dca17e0bfb4e469c93c011f8dc8ab512'),
('Παυλίδης Γκοφρέτα Υγείας 34γρ',	NULL,	'dca17e0bfb4e469c93c011f8dc8ab512'),
('Δέλτα Γάλα Ελαφρύ 1λιτ',	NULL,	'b3992eb422c2495ca02dd19de9d16ad1'),
('Intermed Reval Plus Gel Χεριών Lollipop 75ml',	NULL,	'8f1b83b1ab3e4ad1a62df8170d1a0a25'),
('Veet Κρύο Κερι Ταινίες Προσώπου 20τεμ',	NULL,	'2df01835007545a880dc43f69b5cae07'),
('Campari Bitter Aπεριτίφ 700ml',	NULL,	'08f280dee57c4b679be0102a8ba1343b'),
('Ferrero Kinder Σοκολ 2πλη 16τεμ Χ Γλουτ 200γρ',	NULL,	'b1866f1365a54e2d84c28ad2ca7ab5af'),
('Klinex Καθ Πατώματος Λεμόνι 1λιτ',	NULL,	'3be81b50494d4b5495d5fea3081759a6'),
('Πορτοκάλια Βαλέντσια Εισ Ε/Ζ',	NULL,	'ea47cc6b2f6743169188da125e1f3761'),
('Ρεπάνη Μοσχοφίλερο Λευκός Οίνος 750ml',	NULL,	'3d01f4ce48ad422b90b50c62b1f8e7f2'),
('Ντομάτες Εγχ Υπαιθρ Α ',	NULL,	'9bc82778d6b44152b303698e8f72c429'),
('Ajax Καθαριστικό Ultra 7 Φυσ Σαπούνι 1λιτ',	NULL,	'3be81b50494d4b5495d5fea3081759a6'),
('Lenor Μαλακτικό Gold Orchid 26πλ',	NULL,	'3be81b50494d4b5495d5fea3081759a6'),
('Ίον Σοκοφρέτα Σοκολ Υγείας 38γρ',	NULL,	'dca17e0bfb4e469c93c011f8dc8ab512'),
('Orzene Condit Μπύρας Κανον Μαλλ 250ml',	NULL,	'46b02b6b4f4c4d5d8a0efe21d0981027'),
('Rio Mare Τόνος Νερόυ 2Χ160γρ',	NULL,	'df10062ca2a04789bd43d18217008b5f'),
('Life Φρουτοπ Κρανμπ/Ρασμπ/Μπλουμπ 1lt',	NULL,	'4f1993ca5bd244329abf1d59746315b8'),
('Παπαδοπούλου Παξιμαδάκια Σίτου 200γρ',	NULL,	'bcebd8cc2f554017864dbf1ce0069ac5'),
('Δέλτα Γιαούρτι Μικ Οικ Φαρμ 2% 2Χ200γρ',	NULL,	'0364b4be226146699140e81a469d04a1'),
('Hellmann\'s Σαλάτα Φάρμα Κηπ 250γρ',	NULL,	'4f205aaec31746b89f40f4d5d845b13e'),
('Skip Duo Καψ Πλυντ Ρούχ Active Clean 578γρ',	NULL,	'e60aca31a37a40db8a83ccf93bd116b1'),
('Υφαντής Γαλοπούλα Καπνιστή 160γρ',	NULL,	'be04eae3ca484928a86984d73bf3cc3a'),
('Ντομάτες Τσαμπί Υδροπ Εγχ  Α',	NULL,	'9bc82778d6b44152b303698e8f72c429'),
('Autan Family Care Spray 100ml',	NULL,	'8f98818a7a55419fb42ef1d673f0bb64'),
('Αύρα Νερό Μεταλ Μπλουμ 330ml',	NULL,	'bc4d21162fbd4663b0e60aa9bd65115e'),
('Τσίπουρα Υδατ Καθαρ Ελλην  Α 300/400 Μεσογ Συσκ/Νη',	NULL,	'3d22916b908b40b385bebe4b478cf107'),
('Trata Σαρδέλα Πικάντικη 100γρ',	NULL,	'df10062ca2a04789bd43d18217008b5f'),
('Tsakiris Πατατάκια Ρίγανη 72γρ',	NULL,	'ec9d10b5d68c4d8b8998d51bf6d67188'),
('Ajax Άσπρος Σίφουνας Λεμόνι 1000ml',	NULL,	'3be81b50494d4b5495d5fea3081759a6'),
('Νουνού Γάλα Σκόνη Frisolac 1ης Βρεφ Ηλικίας 800γρ',	NULL,	'fc71b59318b5410d8ed9da8b42904d77'),
('Kleenex Χαρτί Υγείας 2 Φύλλα 12τεμ',	NULL,	'034941f08ca34f7baaf5932427d7e635'),
('Παπαδοπούλου Μπισκότα Μιράντα Ν16 250γρ 12τεμ',	NULL,	'35cce434592f489a9ed37596951992b3'),
('Martini Bianco Απεριτίφ 1λιτ',	NULL,	'08f280dee57c4b679be0102a8ba1343b'),
('Axe Αποσμ Σπρέυ Dark Temptation 150ml',	NULL,	'35410eeb676b4262b651997da9f42777'),
('Hellmann\'s Μαγιονέζα 450ml',	NULL,	'ce4802b6c9f44776a6e572b3daf93ab1'),
('Υφαντής Ζαμπόν Μπούτι Βραστό Σε Φέτες 160γρ',	NULL,	'be04eae3ca484928a86984d73bf3cc3a'),
('Agrino Ρύζι Parboiled Bella Χ Γλουτ 500γρ',	NULL,	'5d0be05c3b414311bcda335b036202f1'),
('Νίκας Σαλαμι Αέρος Συκευασμενο 100γρ',	NULL,	'be04eae3ca484928a86984d73bf3cc3a'),
('Ferrero Rocher Πραλίνες 16τεμ 200γρ',	NULL,	'dca17e0bfb4e469c93c011f8dc8ab512'),
('Elvive Color Vive Γαλακτ Μαλ 200ml',	NULL,	'cf079c66251342b690040650104e160f'),
('Αλλατίνη Κέικ Κακάο Με Κομμάτια Σοκολάτας 400γρ',	NULL,	'e63b2caa8dd84e6ea687168200859baa'),
('Σολομός Νωπός Φιλετ/νος Με Δέρμα Υδ Νορβ/Εισαγ  Β.Α Ατλ Ε/Ζ',	NULL,	'3d22916b908b40b385bebe4b478cf107'),
('Μύλοι Αγίου Γεωργίου Καλαμποκάλευρο 500γρ',	NULL,	'c761cd8b18a246eb81fb21858ac10093'),
('Knorr Ζωμός Κότας Σπιτικός 112γρ',	NULL,	'3935d6afbf50454595f1f2b99285ce8c'),
('Proderm Ενυδατική Κρέμα Sleep Easy 150ml',	NULL,	'ddb733df68324cfc8469c890b32e716d'),
('Palmolive Υγρό Πιάτων Regular 500ml',	NULL,	'e60aca31a37a40db8a83ccf93bd116b1'),
('Palmolive Υγρό Πιάτων Λεμόνι 500ml',	NULL,	'e60aca31a37a40db8a83ccf93bd116b1'),
('Scotch Brite Σύρμα Πράσινο Κουζίνας',	NULL,	'b5d54a3d8dd045fb88d5c31ea794dcc5'),
('Dettol Υγρό Καθαριστικό Αντιβακτηριδιακό Κουζινας 500ml Με Ενεργο Οξυγονο Power & Pure',	NULL,	'3be81b50494d4b5495d5fea3081759a6'),
('Μηλοκλέφτης Μηλίτης 330ml',	NULL,	'329bdd842f9f41688a0aa017b74ffde4'),
('Almiron-2 Γάλα Σε Σκόνη Δεύτερης Βρεφικής Ηλικίας 800γρ',	NULL,	'fc71b59318b5410d8ed9da8b42904d77'),
('Υφαντής Παριζακι Γαλοπούλας 330γρ',	NULL,	'be04eae3ca484928a86984d73bf3cc3a'),
('Noxzema Αφρός Ξυρισ Xtr Sens 300ml',	NULL,	'e2f81e96f70e45fb9552452e381529d3'),
('3 Άλφα Φακές Ψιλές Εισαγωγής 500γρ',	NULL,	'50e8a35122854b2b9cf0e97356072f94'),
('Bref Wc Power Active Αρωματικό Τουαλέτας Πεύκο 50γρ',	NULL,	'3be81b50494d4b5495d5fea3081759a6'),
('Barilla Λαζάνια Με Αυγά 500γρ',	NULL,	'0c347b96540a427e9823f321861ce58e'),
('Gliss Condition Ultimate Color 200ml',	NULL,	'cf079c66251342b690040650104e160f'),
('Παπαδοπούλου Ψωμί Τόστ Plus Σίτου 700γρ',	NULL,	'c928573dd7bc4b7894d450eadd7f5d18'),
('McCain Πατάτες Tradition Σακ 1κλ',	NULL,	'5c5e625b739b4f19a117198efae8df21'),
('Μίσκο Μακαρόνια Ν6 500γρ',	NULL,	'0c347b96540a427e9823f321861ce58e'),
('Misko Ταλιατέλλες Σιμιγδ 500γρ',	NULL,	'0c347b96540a427e9823f321861ce58e'),
('Milner Τυρί Φέτες 175γρ',	NULL,	'4c73d0eccd1e4dde8bb882e436a64ebb'),
('Aim Οδ/τσα 2-6 Παιδική',	NULL,	'6db091264f494c86b9cf22a562593c82'),
('Haribo Goldbaren Καραμ Ζελίνια Αρκουδ 100γρ',	NULL,	'7cfe21f0f1944b379f0fead1c8702099'),
('Γιώτης Ανθός Ορύζης 150γρ',	NULL,	'7e86994327f64e3ca967c09b5803966a'),
('Λεμόνια Εγχ',	NULL,	'ea47cc6b2f6743169188da125e1f3761'),
('Ultrex Σαμπουάν Γυναικ Κανον 360ml',	NULL,	'46b02b6b4f4c4d5d8a0efe21d0981027'),
('Φάγε Μιγμ Tριμ 4 Τυρ 200γρ',	NULL,	'4c73d0eccd1e4dde8bb882e436a64ebb'),
('Φάγε Τυρί Flair Cottage 225γρ',	NULL,	'4c73d0eccd1e4dde8bb882e436a64ebb'),
('Τσίπουρα Υδατ Ελλην Α 300/400 Μεσογ',	NULL,	'3d22916b908b40b385bebe4b478cf107'),
('Γιώτης Κρέμα Παιδικη Φαρίν Λακτέ Μπισκότο 300γρ',	NULL,	'7e86994327f64e3ca967c09b5803966a'),
('Fytro Σόγια Κιμάς 400γρ',	NULL,	'b1866f1365a54e2d84c28ad2ca7ab5af'),
('Lurpak Soft Αλατισμένο 225γρ',	NULL,	'a240e48245964b02ba73d1a86a2739be'),
('Αττική Μέλι 1κιλ',	NULL,	'e397ddcfb34a4640a42b8fa5e999b8c8'),
('Μεβγάλ Only 2% Et Συρτ 3Χ200γρ',	NULL,	'0364b4be226146699140e81a469d04a1'),
('Schar Mix B Αλεύρι Για Ψωμί 1κιλ',	NULL,	'c761cd8b18a246eb81fb21858ac10093'),
('Καρπούζια Εγχ',	NULL,	'ea47cc6b2f6743169188da125e1f3761'),
('Ροδόπη Αριάνι 1,7% 1λιτ',	NULL,	'b3992eb422c2495ca02dd19de9d16ad1'),
('Νίκας Γαλοπ Καπνισ + Gouda Τυρί Light Φετ 280γρ',	NULL,	'be04eae3ca484928a86984d73bf3cc3a'),
('Μάννα Παξιμάδια Κριθαρένιο 800γρ',	NULL,	'bcebd8cc2f554017864dbf1ce0069ac5'),
('Στήθος Φιλέτο Κοτ Ελλην. Νωπό Ε/Ζ Χύμα ',	NULL,	'8ef82da99b284c69884cc7f3479df1ac'),
('Nan Optipro Γάλα Τρίτης Βρεφικής Ηλικίας 400γρ',	NULL,	'fc71b59318b5410d8ed9da8b42904d77'),
('Ferrero Kinder Delice Κέικ 39γρ',	NULL,	'e63b2caa8dd84e6ea687168200859baa'),
('Always Σερβ Ultra Platinum Night 12τεμ',	NULL,	'2bce84e7df694ab1b81486aa2baf555d'),
('Meritο Spray Σιδερώματος 500ml',	NULL,	'3be81b50494d4b5495d5fea3081759a6'),
('Βλάχας Γάλα Εβαπορέ Πλήρες 410γρ',	NULL,	'b3992eb422c2495ca02dd19de9d16ad1'),
('Παπαδοπούλου Ψωμί Σίτου Φυσ Προζύμι 700γρ',	NULL,	'c928573dd7bc4b7894d450eadd7f5d18'),
('Quanto Μαλακτ Μη Συμπ Μπλε 2λιτ',	NULL,	'3be81b50494d4b5495d5fea3081759a6'),
('Λεμόνια Εισ',	NULL,	'ea47cc6b2f6743169188da125e1f3761'),
('Μεβγάλ Κεφίρ 500ml',	NULL,	'b3992eb422c2495ca02dd19de9d16ad1'),
('Colgate Οδ/τσα Ext Clean Med Twin Pack',	NULL,	'6db091264f494c86b9cf22a562593c82'),
('Silvo Γυαλιστικό Ασημικών 150ml',	NULL,	'3be81b50494d4b5495d5fea3081759a6'),
('Tsakiris Πατατάκια Αλάτι 120γρ',	NULL,	'ec9d10b5d68c4d8b8998d51bf6d67188'),
('Λουξ Πορτοκαλάδα Ανθρ 330ml',	NULL,	'3010aca5cbdc401e8dfe1d39320a8d1a'),
('Nivea Visage Ημερ Kρ Απαλ Ενυδ Spf15 50ml',	NULL,	'5a2a0575959c40d6a46614ab99b2d9af'),
('Στεργίου Κρουασάνάκια Με Γέμιση Πραλίνα 300γρ',	NULL,	'19c54e78d74d4b64afbb1fd124f01dfc'),
('Swiffer Dusters Αντ/κα 10τεμ',	NULL,	'3be81b50494d4b5495d5fea3081759a6'),
('Sol Ηλιέλαιο 1λιτ',	NULL,	'1e9187fb112749ff888b11fd64d79680'),
('Septona Παιδικό Αφρόλουτρο & Σαμπουάν Αγορια 750ml',	NULL,	'3d0c29b055f8417eb1c679fbfdc37da0'),
('Φλώρα Αραβοσιτέλαιο 1λιτ',	NULL,	'1e9187fb112749ff888b11fd64d79680'),
('Ήπειρος Τυρί Ελαφρύ Σε Άλμη 400γρ',	NULL,	'4c73d0eccd1e4dde8bb882e436a64ebb'),
('Dove Αποσμ Σπρέυ 150ml',	NULL,	'35410eeb676b4262b651997da9f42777'),
('Disaronno Λικέρ 700ml',	NULL,	'08f280dee57c4b679be0102a8ba1343b'),
('Danone Activia Επιδ Γιαουρ Καρυδ/Βρώμη 2Χ200γρ',	NULL,	'0364b4be226146699140e81a469d04a1'),
('Κουρτάκη Ρετσίνα 500ml',	NULL,	'3d01f4ce48ad422b90b50c62b1f8e7f2'),
('Παν Κρέμα Βαλσάμικο 250ml',	NULL,	'5dca69b976c94eccbf1341ee4ee68b95'),
('Λουμίδης Καφές Ελληνικός 96γρ',	NULL,	'b89cb8dd198748dd8c4e195e4ab2168e'),
('Dettol Υγρό Πολυκαθαριστικό Αντιβακτηριδιακό 500ml Sparkling Lemon & Lime Burst Power & Fresh',	NULL,	'3be81b50494d4b5495d5fea3081759a6'),
('Μύλοι Αγίου Γεωργίου Αλεύρι Για Πίτσα 1κιλ',	NULL,	'c761cd8b18a246eb81fb21858ac10093'),
('Johnson Baby Βρεφικό Σαμπουάν Αντλιά 300ml',	NULL,	'3d0c29b055f8417eb1c679fbfdc37da0'),
('Αρνιά Νωπά Ελλην Γαλ Τεμ Χ/Κ Χ/Σ Ε/Ζ',	NULL,	'0936072fcb3947f3baf83e31bb5c1cab'),
('Johnnie Walker Ουίσκι Κόκκινο 0,7λιτ',	NULL,	'08f280dee57c4b679be0102a8ba1343b'),
('Pedigree Denta Stix Med Σκύλου 180γρ',	NULL,	'0c6e42d52765495dbbd06c189a4fc80f'),
('Purina Gold Gourmet Γατ/Φή Μους Ψάρι 85γρ',	NULL,	'926262c303fe402a8542a5d5cf3ac7eb'),
('Τοπ Ξύδι Κοκκίνου Κρασιού 350ml',	NULL,	'5dca69b976c94eccbf1341ee4ee68b95'),
('Μάκβελ Μακαρόνια Σπαγγέτι Ν6 500γρ',	NULL,	'0c347b96540a427e9823f321861ce58e'),
('Δέλτα Ρόφημα Advance 80% Λιγ Λακτ 1λιτ',	NULL,	'b3992eb422c2495ca02dd19de9d16ad1'),
('Ήρα Αλάτι Μαγειρικό 1kg',	NULL,	'2ad2e93c1c0c41b4b9769fe06c149393'),
('Πορτοκ Βαλέντσια  Κατ Α Εγχ Ε/Ζ',	NULL,	'ea47cc6b2f6743169188da125e1f3761'),
('Σολομός Νωπός Φέτα Μ/Δ & Μ/Ο Υδ Νορβ/Εισαγ  Β.Α Ατλ Συσκ/Νοσ',	NULL,	'3d22916b908b40b385bebe4b478cf107'),
('Neomat Σκόνη Πλυντηρίου Ρούχων Άγριο Τριαντάφυλλο 45μεζ',	NULL,	'e60aca31a37a40db8a83ccf93bd116b1'),
('Nestle Cheerios 375γρ',	NULL,	'916a76ac76b3462baf2db6dc508b296b'),
('Babylino Sensitive No4+ Econ 9-20κιλ 46τεμ',	NULL,	'e0efaa1776714351a4c17a3a9d412602'),
('Sani Pants N2 Medium 14τεμ',	NULL,	'0bf072374a8e4c40b915e4972990a417'),
('Durex Προφυλακτικά Jeans 12τεμ',	NULL,	'7cfab59a5d9c4f0d855712290fc20c7f'),
('Vapona Σκοροκτόνα Φύλλα 20τμχ',	NULL,	'8f98818a7a55419fb42ef1d673f0bb64'),
('Μεβγάλ Topino Απαχο Γάλα Κακάο 310ml',	NULL,	'b3992eb422c2495ca02dd19de9d16ad1'),
('Κρίς Κρίς Ψωμί Τόστ Μπρίος 400γρ',	NULL,	'c928573dd7bc4b7894d450eadd7f5d18'),
('Alfa Ζύμη Για Πίτσα 600γρ',	NULL,	'd1315c04b3d64aed93472e41d6e5a6f8'),
('Το Μάννα Παξιμάδι Κρίθινο 400γρ',	NULL,	'bcebd8cc2f554017864dbf1ce0069ac5'),
('Όλυμπος Φυσ Χυμός Μηλ Πορτ Kaρότο 1λιτ',	NULL,	'4f1993ca5bd244329abf1d59746315b8'),
('Κεραμάρη Μάννα Αλεύρι Για Πίτες 1κιλ',	NULL,	'c761cd8b18a246eb81fb21858ac10093'),
('Όλυμπος Γιαούρτι Στρ 2% Freelact 2Χ170γρ',	NULL,	'b1866f1365a54e2d84c28ad2ca7ab5af'),
('Knorr Κυβοι Λαχανικών 120γρ',	NULL,	'3935d6afbf50454595f1f2b99285ce8c'),
('Όλυμπος Φυσικός Χυμός Πορτ 500ml',	NULL,	'4f1993ca5bd244329abf1d59746315b8'),
('Alfa Κασερόπιτα Πηλίου Κατεψυγμένη 850γρ',	NULL,	'1eb56e6ffa2a449296fb1acc7b714cc5'),
('Γιαννιώτη Φύλλο Χωριατ Νωπό 500γρ',	NULL,	'd1315c04b3d64aed93472e41d6e5a6f8'),
('Τσίπουρα Υδατ Ελλην G 400/600 Μεσογ',	NULL,	'3d22916b908b40b385bebe4b478cf107'),
('Ίον Σοκοφρέτα Γάλακτος 38γρ',	NULL,	'dca17e0bfb4e469c93c011f8dc8ab512'),
('Κύκνος Τοματοχυμός 390ml',	NULL,	'a02951b1c083449b9e7fab2fabd67198'),
('Neslac Επιδόρπιο Γάλακτος Βανίλια 4Χ100γρ',	NULL,	'fc71b59318b5410d8ed9da8b42904d77'),
('Βλάχας Γάλα Εβαπορέ Ελαφρύ 410γρ',	NULL,	'b3992eb422c2495ca02dd19de9d16ad1'),
('Υφαντής Μπουκιές Κοτόπουλο Κτψ 500γρ',	NULL,	'9b7795175cbc4a6d9ca37b8ee9bf5815'),
('Pillsbury Φυλλο Ζύμης Για Τάρτα 600γρ',	NULL,	'd1315c04b3d64aed93472e41d6e5a6f8'),
('7 Days Παξιμαδάκια Mini Κλασική Γεύση Bake Rolls 160γρ',	NULL,	'bcebd8cc2f554017864dbf1ce0069ac5'),
('Friskies Γατ/Φή Πατέ Κοτ/Λαχ 400γρ',	NULL,	'926262c303fe402a8542a5d5cf3ac7eb'),
('Johnson Baby Βρεφικό Σαμπουάν Χαμομήλι 300ml',	NULL,	'3d0c29b055f8417eb1c679fbfdc37da0'),
('Uncle Bens Ρύζι 10 λεπτά 4Χ125γρ',	NULL,	'5d0be05c3b414311bcda335b036202f1'),
('Tide Alpine Απορ Χεριού Σκόνη 450γρ',	NULL,	'e60aca31a37a40db8a83ccf93bd116b1'),
('Coca Cola Πλαστ 4Χ500ml',	NULL,	'3010aca5cbdc401e8dfe1d39320a8d1a'),
('Zewa Χαρτομάντηλα Soft/Strong 90τμχ',	NULL,	'034941f08ca34f7baaf5932427d7e635'),
('Dettol Αντιβ/κό Σπρέι 500ml',	NULL,	'8f1b83b1ab3e4ad1a62df8170d1a0a25'),
('Coca Cola Light 330ml',	NULL,	'3010aca5cbdc401e8dfe1d39320a8d1a'),
('Ίον Σοκοφρέτα Γάλακτ Με Φουντούκ 38γρ',	NULL,	'dca17e0bfb4e469c93c011f8dc8ab512'),
('Nestle Fitness Μπαρες Δημητριακών Crunchy Caramel 6X23.5γρ',	NULL,	'1e9187fb112749ff888b11fd64d79680'),
('Παπαδοπούλου Μπισκότα Πτι Μπερ Ν16 225γ 16τεμ',	NULL,	'35cce434592f489a9ed37596951992b3'),
('Danone Activia Επιδ Γιαουρ Τραγ Απόλ 3Χ200γρ',	NULL,	'0364b4be226146699140e81a469d04a1'),
('Μεβγάλ Topino Απαχο Γάλα Κακάο 450ml',	NULL,	'b3992eb422c2495ca02dd19de9d16ad1'),
('Παυλίδης Kiss Σοκολάτα Γάλ Φράουλα 27,5γρ',	NULL,	'dca17e0bfb4e469c93c011f8dc8ab512'),
('Στάμου Γιαούρτι Πρόβειο Παραδ 240γρ',	NULL,	'0364b4be226146699140e81a469d04a1'),
('Pampers Πάνες Μωρού Premium Pants Nο 5 12-17κιλ 34τεμ',	NULL,	'e0efaa1776714351a4c17a3a9d412602'),
('Head & Shoulders Σαμπουάν Total Care 300ml',	NULL,	'46b02b6b4f4c4d5d8a0efe21d0981027'),
('Kellogg\'s Corn Flakes 375γρ',	NULL,	'916a76ac76b3462baf2db6dc508b296b'),
('Χρυσή Ζύμη Χορτοπίτα Σπιτική 850γρ',	NULL,	'1eb56e6ffa2a449296fb1acc7b714cc5'),
('Airwick Αντ/Κο Freshmatic Βαν/Ορχιδ 250ml',	NULL,	'21051788a9ff4d5d9869d526182b9a5f'),
('Don Simon Kρασί Sangria Χαρτ 1λιτ',	NULL,	'3d01f4ce48ad422b90b50c62b1f8e7f2'),
('Tasty Poppers Classic Ποπ Κορν 81γρ',	NULL,	'8851b315e2f0486180be07facbc3b21f'),
('COVER 50τεμ Μάσκ Με Λάστιχο 1 Χρήση',	NULL,	'79728a412a1749ac8315501eb77550f9'),
('Skip Σκόνη Spring Fresh 45μεζ',	NULL,	'e60aca31a37a40db8a83ccf93bd116b1'),
('Μπρόκολα Πράσινα Εισ',	NULL,	'9bc82778d6b44152b303698e8f72c429'),
('7 Days Bake Rolls Pizza 160γρ',	NULL,	'ea47b5f0016f4f0eb79e3a4b932f7577'),
('3 Άλφα Ρύζι Γλασέ 1κιλ',	NULL,	'5d0be05c3b414311bcda335b036202f1'),
('Ready2U Μάσκες Προστ Προσώπου 50τεμ',	NULL,	'79728a412a1749ac8315501eb77550f9'),
('COVER 10τεμ Μάσκ Με Λάστιχο 1 Χρήση',	NULL,	'79728a412a1749ac8315501eb77550f9'),
('Τρικαλινό Τυρί Φάγε Ελαφ.Φετ.200γρ',	NULL,	'4c73d0eccd1e4dde8bb882e436a64ebb'),
('Dettol Κρεμ Relax Αντ/κο 750ml',	NULL,	'8f1b83b1ab3e4ad1a62df8170d1a0a25'),
('Κορπή Νερό 6χ0,5ml',	NULL,	'bc4d21162fbd4663b0e60aa9bd65115e'),
('Σπάλα Βόειου/Ο Νωπή Εισ',	NULL,	'c2ce05f4653c4f4fa8f39892bbb98960'),
('Klinex Υγρό Απορρυπαντικό Ρούχων Fresh Clean 40μεζ',	NULL,	'e60aca31a37a40db8a83ccf93bd116b1'),
('Μινέρβα Χωριό Eλαιόλαδο Εξαιρ Παρθ 4λιτ',	NULL,	'1e9187fb112749ff888b11fd64d79680'),
('Παπαδοπούλου Κριτσίνια Σουσάμι 130γρ',	NULL,	'bcebd8cc2f554017864dbf1ce0069ac5'),
('Νίκας Σαλάμι Αέρος 72 Πικάντ Χ Γλ 165γρ',	NULL,	'be04eae3ca484928a86984d73bf3cc3a'),
('Cutty Sark Ουίσκι 0,7λιτ',	NULL,	'08f280dee57c4b679be0102a8ba1343b'),
('Σολομός Νωπός Φέτα Μ/Δ & Μ/Ο  Υδ Νορβ/Εισαγ  Β.Α Ατλ Ε/Ζ',	NULL,	'3d22916b908b40b385bebe4b478cf107'),
('Μεβγάλ Creme Καραμελέ 150γρ',	NULL,	'509b949f61cc44f58c2f25093f7fc3eb'),
('Γιώτης Αλεύρι Φαρίνα Ολικής Άλεσης 500γρ',	NULL,	'c761cd8b18a246eb81fb21858ac10093'),
('Ελιά Βόειου Α/Ο Νωπή Εισ',	NULL,	'c2ce05f4653c4f4fa8f39892bbb98960'),
('Pemα Ψωμί Σικ Ολ Άλεσης 500γρ',	NULL,	'c928573dd7bc4b7894d450eadd7f5d18'),
('Μπανάνες Dole Εισ',	NULL,	'ea47cc6b2f6743169188da125e1f3761'),
('Νεκταρίνια Εγχ',	NULL,	'ea47cc6b2f6743169188da125e1f3761'),
('Μήλα Φουτζι Εγχ ',	NULL,	'ea47cc6b2f6743169188da125e1f3761'),
('Bonne Maman Μαρμελάδα Βερικ Χ Γλ 370γρ',	NULL,	'b1866f1365a54e2d84c28ad2ca7ab5af'),
('Πορτοκ Μερλίν - Λανε Λειτ- Ναβελ Λειτ Εγχ Χυμ Συσκ/Να',	NULL,	'ea47cc6b2f6743169188da125e1f3761'),
('Pampers Πάνες Premium Care Nο 4 8-14 κιλ 52τεμ',	NULL,	'e0efaa1776714351a4c17a3a9d412602'),
('O.B. Ταμπόν Original Normal 16τμχ',	NULL,	'2bce84e7df694ab1b81486aa2baf555d'),
('Νίκας Μπέικον Καπνιστό Συσκευασμένο 100γρ',	NULL,	'be04eae3ca484928a86984d73bf3cc3a'),
('Dixan Σκόνη Πλυντ 42πλ 2,31γρ',	NULL,	'e60aca31a37a40db8a83ccf93bd116b1'),
('Ρεπάνη Αγιωργίτικος Ερυθρός Οίνος 750ml',	NULL,	'3d01f4ce48ad422b90b50c62b1f8e7f2'),
('Lurpak Soft Μειωμέν Λιπαρ Ανάλ 225γρ',	NULL,	'a240e48245964b02ba73d1a86a2739be'),
('Libresse Σερβιέτες Invisible Normal 10τεμ',	NULL,	'2bce84e7df694ab1b81486aa2baf555d'),
('Haig Ουίσκι 0,7λιτ',	NULL,	'08f280dee57c4b679be0102a8ba1343b'),
('Ariel Υγρές Καψ 3σε1 Κανονικό 24πλ',	NULL,	'e60aca31a37a40db8a83ccf93bd116b1'),
('Ούζο 12 0,7λιτ',	NULL,	'08f280dee57c4b679be0102a8ba1343b'),
('Life Φρουτοποτό Πορτοκ/Μηλ/Καροτ 1λιτ',	NULL,	'4f1993ca5bd244329abf1d59746315b8'),
('Φάγε Total Γιαούρτι Στραγγιστό 1κιλ',	NULL,	'0364b4be226146699140e81a469d04a1'),
('Dove Σαπούνι 100γρ',	NULL,	'9c86a88f56064f8588d42eee167d1f8a'),
('Peppa Pig Φρουτοποτό Τροπ Φτούτα 250ml',	NULL,	'4f1993ca5bd244329abf1d59746315b8'),
('Κρασί Της Παρέας Λευκό 1λιτ',	NULL,	'3d01f4ce48ad422b90b50c62b1f8e7f2'),
('Μεβγάλ Κρεμα Σοκολάτα 150γρ',	NULL,	'509b949f61cc44f58c2f25093f7fc3eb'),
('Μεβγάλ Ανθότυρο Τυποπ 300γρ',	NULL,	'4c73d0eccd1e4dde8bb882e436a64ebb'),
('Καλλιμάνης Πέρκα Φιλέτο 595γρ',	NULL,	'7ca5dc60dd00483897249e0f8516ee91'),
('Ίον Σοκολάτα Γάλακτος 100γρ',	NULL,	'dca17e0bfb4e469c93c011f8dc8ab512'),
('Creta Farms Εν Ελλάδι Κοτομπουκιές Κτψ 400γρ',	NULL,	'9b7795175cbc4a6d9ca37b8ee9bf5815'),
('Soupline Mistral Μαλακτικό 13πλ',	NULL,	'3be81b50494d4b5495d5fea3081759a6'),
('Glade Αντ/Κο Αποσμ Χώρου Λεβάντα',	NULL,	'21051788a9ff4d5d9869d526182b9a5f'),
('Κανάκι Tυροπιτάκια Κουρού 800γρ',	NULL,	'1eb56e6ffa2a449296fb1acc7b714cc5'),
('Χρυσή Ζύμη Σφολιάτα 850γρ',	NULL,	'd1315c04b3d64aed93472e41d6e5a6f8'),
('Sanitas Αλουμινόχαρτο 30μ',	NULL,	'b5d54a3d8dd045fb88d5c31ea794dcc5'),
('Λουμίδης Καφές Ελληνικός 490γρ',	NULL,	'b89cb8dd198748dd8c4e195e4ab2168e'),
('Everyday Σερβ Extr Long/Ultra Plus Sens 10τεμ',	NULL,	'2bce84e7df694ab1b81486aa2baf555d'),
('Everyday Σερβ Super/Ultra Plus Hyp 18 τεμ',	NULL,	'2bce84e7df694ab1b81486aa2baf555d'),
('Όλυμπος Γάλα Freelact 1λιτ Χ.Λακτ',	NULL,	'b3992eb422c2495ca02dd19de9d16ad1'),
('Everyday Σερβ/Κια Norm All Cotton 24τεμ',	NULL,	'2bce84e7df694ab1b81486aa2baf555d'),
('Λακώνια Φυσ Χυμός Πορτοκάλι 250ml',	NULL,	'4f1993ca5bd244329abf1d59746315b8'),
('Coca Cola 500ml',	NULL,	'3010aca5cbdc401e8dfe1d39320a8d1a'),
('Κατσίκια Νωπά Ελλην Γαλ Ολοκλ Χ/Κ Χ/Σ ',	NULL,	'd3385ff161f0423aa364017d4413fa77'),
('Gillette Fusion Proglide 5+1 Ανταλ',	NULL,	'2df01835007545a880dc43f69b5cae07'),
('Υφαντής Χάμπουργκερ Top Burger 70γρ',	NULL,	'9b7795175cbc4a6d9ca37b8ee9bf5815'),
('Friskies Γατ/Φή Πατέ Μοσχάρι 400γρ',	NULL,	'926262c303fe402a8542a5d5cf3ac7eb'),
('Twix Σοκολάτα Μπισκότο 50γρ',	NULL,	'dca17e0bfb4e469c93c011f8dc8ab512'),
('Γιώτης Sanilac 2 Γάλα Σε Σκόνη Δεύτερης Βρεφικής Ηλικίας 400γρ',	NULL,	'fc71b59318b5410d8ed9da8b42904d77'),
('Υφαντής Μπέικον Καπνιστό Χ Γλουτ 100γρ',	NULL,	'b1866f1365a54e2d84c28ad2ca7ab5af'),
('Everyday Σερβ Norm/Ultra Plus Hyp 18τεμ',	NULL,	'2bce84e7df694ab1b81486aa2baf555d'),
('Gillette Blue Ii Plus Slalom Sensit 5τεμ',	NULL,	'2df01835007545a880dc43f69b5cae07'),
('Nivea Κρ Ημέρας Ξηρ/Ευαίσθ Επιδ SPF15 50ml',	NULL,	'5a2a0575959c40d6a46614ab99b2d9af'),
('Το Μάννα Παξιμάδια Λαδ Κυθήρων 500γρ',	NULL,	'bcebd8cc2f554017864dbf1ce0069ac5'),
('Όλυμπος Γάλα Ζωής Λευκό Υψ Παστ 1,5% Λ 1,5λιτ',	NULL,	'b3992eb422c2495ca02dd19de9d16ad1'),
('Gillette Ξυρ Μηχ Mach 3 Turbo+Ανταλ',	NULL,	'2df01835007545a880dc43f69b5cae07'),
('Ajax Kloron 2σε1 Λεμόνι 1λιτ',	NULL,	'3be81b50494d4b5495d5fea3081759a6'),
('Φάγε Κεφαλοτύρι Τριμμένο 200γρ',	NULL,	'4c73d0eccd1e4dde8bb882e436a64ebb'),
('Αρνιά Νωπά Ελλην Γαλ Ολοκλ Μ/Κ Μ/Σ ',	NULL,	'0936072fcb3947f3baf83e31bb5c1cab'),
('Μάσκα Προσ 10τεμ 1 Χρήση',	NULL,	'79728a412a1749ac8315501eb77550f9'),
('Ζωγράφος Μαρμελ Φράουλ Φρουκτ 415γρ',	NULL,	'e397ddcfb34a4640a42b8fa5e999b8c8'),
('Σαβόϊ Βούτυρο Τύπου Κερκύρας 250gr',	NULL,	'a240e48245964b02ba73d1a86a2739be'),
('Vidal Αφρόλ White Musk 750ml',	NULL,	'46b02b6b4f4c4d5d8a0efe21d0981027'),
('Misko Παραδ Χυλοπίτες Με Αυγά Μετσόβου 500γρ',	NULL,	'0c347b96540a427e9823f321861ce58e'),
('Κατσέλης Κριτσίνια Μακεδονικά 200γρ',	NULL,	'bcebd8cc2f554017864dbf1ce0069ac5'),
('Όλυμπος Γάλα Επιλεγμ 1,5% Λ 1λιτ',	NULL,	'b3992eb422c2495ca02dd19de9d16ad1'),
('Τσιλιλή Τσίπουρο Χ Γλυκάνισο 200ml',	NULL,	'08f280dee57c4b679be0102a8ba1343b'),
('Green Cola 330ml',	NULL,	'3010aca5cbdc401e8dfe1d39320a8d1a'),
('Βεργίνα Μπύρα 500ml',	NULL,	'329bdd842f9f41688a0aa017b74ffde4'),
('Pillsbury Ζύμη Κρουασάν 230γρ',	NULL,	'd1315c04b3d64aed93472e41d6e5a6f8'),
('Στεργίου Κέικ Ανάμικτο 400γρ',	NULL,	'e63b2caa8dd84e6ea687168200859baa'),
('Becel Pro Activ Ελαιόλαδο 35% Λιπ 250γρ',	NULL,	'a240e48245964b02ba73d1a86a2739be'),
('Zewa Χαρ Υγείας Ultra Soft 8τεμ 912γρ',	NULL,	'034941f08ca34f7baaf5932427d7e635'),
('Fouantre Γαλοπούλα Σε Φέτες 120γρ',	NULL,	'be04eae3ca484928a86984d73bf3cc3a'),
('Nestle Fitness 375γρ',	NULL,	'916a76ac76b3462baf2db6dc508b296b'),
('Nescafe Azera Καφές Espresso 100% Arabica 100γρ',	NULL,	'b89cb8dd198748dd8c4e195e4ab2168e'),
('Ajax Υγρό Γενικού Καθαρισμού Kloron Lila 1λιτ',	NULL,	'3be81b50494d4b5495d5fea3081759a6'),
('Nescafe Dolce Gusto Espresso Int Καψ 16x7γρ',	NULL,	'b89cb8dd198748dd8c4e195e4ab2168e'),
('Λουξ Σόδα 330ml',	NULL,	'3010aca5cbdc401e8dfe1d39320a8d1a'),
('Gillette Blue Ii Fixed Head 5τεμ',	NULL,	'2df01835007545a880dc43f69b5cae07'),
('Γαύρος Νωπός Ελλην Μεσόγ Ολόκλ Ε/Ζ',	NULL,	'c487e038079e407fb1a356599c2aec3e'),
('Green Cola 1,5λιτ',	NULL,	'3010aca5cbdc401e8dfe1d39320a8d1a'),
('Larisa Μάσκα χειρουργική 5τεμ 1 χρήση 3ply',	NULL,	'79728a412a1749ac8315501eb77550f9'),
('Nivea Κρέμα Ξυρίσματος 100ml',	NULL,	'e2f81e96f70e45fb9552452e381529d3'),
('Μεβγάλ Harmony 1% Με Μέλι/Γκραν 164γρ',	NULL,	'0364b4be226146699140e81a469d04a1'),
('Ντομάτες Εισ Α',	NULL,	'9bc82778d6b44152b303698e8f72c429'),
('Kerrygold Τυρί Regato 270γρ',	NULL,	'4c73d0eccd1e4dde8bb882e436a64ebb'),
('Ace Gentile Ενισχυτικό Πλύσης 1lt',	NULL,	'3be81b50494d4b5495d5fea3081759a6'),
('Sensodyne Οδ/μα Repair/Protect 75ml',	NULL,	'26e416b6efa745218f810c34678734b2'),
('Λακώνια Χυμός Νέκταρ Πορ/Μηλ/Βερ 250ml',	NULL,	'4f1993ca5bd244329abf1d59746315b8'),
('Gordon\'s Τζιν 0,7λιτ',	NULL,	'08f280dee57c4b679be0102a8ba1343b'),
('Gordons Space Τζιν Original 275ml',	NULL,	'08f280dee57c4b679be0102a8ba1343b'),
('Heineken Μπύρα 4X500ml',	NULL,	'329bdd842f9f41688a0aa017b74ffde4'),
('Leerdammer Τυρί Τοστ Special 125γρ',	NULL,	'4c73d0eccd1e4dde8bb882e436a64ebb'),
('Anatoli Πιπέρι Μαύρο Μύλος 45gr',	NULL,	'2ad2e93c1c0c41b4b9769fe06c149393'),
('Δέλτα Γάλα Πλήρες 1λιτ',	NULL,	'b3992eb422c2495ca02dd19de9d16ad1'),
('Kellogg\'s Special K Μπάρα Δημητριακών Με Ξηρούς Καρπούς Καρύδα Και Κασioυς 4Χ28γρ',	NULL,	'916a76ac76b3462baf2db6dc508b296b'),
('Tuborg Club Σόδα 500ml',	NULL,	'3010aca5cbdc401e8dfe1d39320a8d1a'),
('Proderm Kids Αφρόλουτρο Χαμομήλι 700ml',	NULL,	'3d0c29b055f8417eb1c679fbfdc37da0'),
('Μεβγάλ Τριμμενη Μυζήθρα Ξηρή 200γρ',	NULL,	'4c73d0eccd1e4dde8bb882e436a64ebb'),
('Coca Cola 250ml',	NULL,	'3010aca5cbdc401e8dfe1d39320a8d1a'),
('Corona Μπύρα Extra 355ml',	NULL,	'329bdd842f9f41688a0aa017b74ffde4'),
('La Vache Qui Rit Τυρί Φέτες Light 200γρ',	NULL,	'4c73d0eccd1e4dde8bb882e436a64ebb'),
('Ζωγράφος Φρουκτόζη 400γρ',	NULL,	'a885d8cd1057442c9092af37e79bf7a7'),
('Ίον Σοκολάτα Γάλακτος Αμυγδάλου 100γρ',	NULL,	'dca17e0bfb4e469c93c011f8dc8ab512'),
('Ίον Σοκολάτα Αμυγδάλου 70γρ',	NULL,	'dca17e0bfb4e469c93c011f8dc8ab512'),
('Morfat Κρέμα Σαντιγύ Μετ 250γρ',	NULL,	'a1a1c2c477b74504b58ad847f7e0c8e1'),
('Χρυσή Ζύμη Τυροπιτάκια 1κιλ',	NULL,	'd1315c04b3d64aed93472e41d6e5a6f8'),
('Friskies Σκυλ/Φή Ξηρ Κοτ/Λαχ 1,5κιλ',	NULL,	'0c6e42d52765495dbbd06c189a4fc80f'),
('Pampers Πάνες Premium Care Nο 3 5-9 κιλ 60τεμ',	NULL,	'e0efaa1776714351a4c17a3a9d412602'),
('Στεργίου Μηλόπιτα Ατομική 105γρ',	NULL,	'ea47b5f0016f4f0eb79e3a4b932f7577'),
('Lurpak Βούτυρο Αναλ Αλουμ 125γρ',	NULL,	'b1866f1365a54e2d84c28ad2ca7ab5af'),
('Ajax Τζαμ Crystal Clean Αντ/Κο 750ml',	NULL,	'3be81b50494d4b5495d5fea3081759a6'),
('Φάγε Total Γιαούρτι 5% 200γρ',	NULL,	'0364b4be226146699140e81a469d04a1'),
('Φάγε Total Γιαούρτι 2% 3x200γρ',	NULL,	'0364b4be226146699140e81a469d04a1'),
('L\'Oreal Studio Line Fx Gel Extra Fix 150ml',	NULL,	'e2f81e96f70e45fb9552452e381529d3'),
('Rol Σκόνη Για Πλυσ Στο Χέρι 380γρ',	NULL,	'e60aca31a37a40db8a83ccf93bd116b1'),
('Ajax Τζαμιών 450ml',	NULL,	'3be81b50494d4b5495d5fea3081759a6'),
('Κανάκι Φύλλο Κρούστας Νωπό 450γρ',	NULL,	'd1315c04b3d64aed93472e41d6e5a6f8'),
('Amstel Μπύρα 4X500ml',	NULL,	'329bdd842f9f41688a0aa017b74ffde4'),
('Pom Pon Μαντηλ Ντεμακ Sensit 20τεμ',	NULL,	'5a2a0575959c40d6a46614ab99b2d9af'),
('Δέλτα Advance Επιδορπιο Λευκό 2χ150γρ',	NULL,	'0364b4be226146699140e81a469d04a1'),
('ΣΟΥΡΩΤΗ Μεταλλικό Νερό Ανθρ Λεμον 330ml ',	NULL,	'bc4d21162fbd4663b0e60aa9bd65115e'),
('Gillette Gel Ξυρ Μοιsture 200ml',	NULL,	'e2f81e96f70e45fb9552452e381529d3'),
('Νουνού Γάλα Εβαπορέ 400γρ',	NULL,	'b3992eb422c2495ca02dd19de9d16ad1'),
('Κύκνος Τοματάκι Ψιλοκ Χαρτ Συσκ 370γρ',	NULL,	'a02951b1c083449b9e7fab2fabd67198'),
('Nestle Ρόφημα Γαλακτ Junior 2+ Rtd 1λιτ',	NULL,	'fc71b59318b5410d8ed9da8b42904d77'),
('Stella Artois Μπύρα 6x330ml',	NULL,	'329bdd842f9f41688a0aa017b74ffde4'),
('Ήρα Αλάτι Ψιλό 500γρ',	NULL,	'2ad2e93c1c0c41b4b9769fe06c149393'),
('Μεβγάλ Παραδ Γιαούρτι Αιγοπρ Ελαφ 2Χ220γρ',	NULL,	'0364b4be226146699140e81a469d04a1'),
('Νουνού Κρέμα Γάλακτος Light 200ml',	NULL,	'4e4cf5616e0f43aaa985c1300dc7109e'),
('Whiskas Γατ/Φή Πουλ Σε Σάλτσα 100γρ',	NULL,	'926262c303fe402a8542a5d5cf3ac7eb'),
('Γιώτης Mείγμα Παγωτού Καιμάκι 508γρ',	NULL,	'a1a1c2c477b74504b58ad847f7e0c8e1'),
('Κολοκυθάκια Εγχ Με Ανθό',	NULL,	'9bc82778d6b44152b303698e8f72c429'),
('Μεβγάλ Only Lact Free 1,5% 1λτ',	NULL,	'b3992eb422c2495ca02dd19de9d16ad1'),
('Skip Σκόνη Regular 45πλ',	NULL,	'e60aca31a37a40db8a83ccf93bd116b1'),
('Almiron-1 Γάλα Σε Σκόνη Πρώτης Βρεφικής Ηλικίας 800γρ',	NULL,	'fc71b59318b5410d8ed9da8b42904d77'),
('Βίκος Φυσικό Μεταλλικό Νερό 500ml',	NULL,	'bc4d21162fbd4663b0e60aa9bd65115e'),
('Μάσκα Προσώπου Υφασμ 1τεμ',	NULL,	'79728a412a1749ac8315501eb77550f9'),
('Veet Αποτριχωτική Κρέμα Κανον Επιδερμ 100ml',	NULL,	'2df01835007545a880dc43f69b5cae07'),
('Μεβγάλ Κρέμα Βανίλια 150γρ',	NULL,	'509b949f61cc44f58c2f25093f7fc3eb'),
('Κρι Κρι Σπιτικό Επιδόρπιο Γιαουρτιού 5% 1κιλ',	NULL,	'0364b4be226146699140e81a469d04a1'),
('Hellmann\'s Κέτσαπ 560γρ',	NULL,	'ce4802b6c9f44776a6e572b3daf93ab1'),
('Amita Φρουτοποτό Πορ/Μηλ/Βερ 1λιτ',	NULL,	'4f1993ca5bd244329abf1d59746315b8'),
('Wella Koleston Βαφή Μαλ Ν7/77',	NULL,	'09f2e090f72c4487bc44e5ba4fcea466'),
('Kit Kat Σοκολάτα 41,5γρ',	NULL,	'dca17e0bfb4e469c93c011f8dc8ab512'),
('Tasty Φουντούνια 105γρ',	NULL,	'f87bed0b4b8e44c3b532f2c03197aff9'),
('Ζωγράφος Καστανή Ζάχαρη 500γρ',	NULL,	'a885d8cd1057442c9092af37e79bf7a7'),
('Agrino Ρύζι Φανσύ Για Γεμιστά Χ Γλουτ 500γρ',	NULL,	'5d0be05c3b414311bcda335b036202f1'),
('Μαλαματίνα Ρετσίνα 500ml',	NULL,	'3d01f4ce48ad422b90b50c62b1f8e7f2'),
('Pedigree Σκυλ/Φή Μοσχάρι 400γρ',	NULL,	'0c6e42d52765495dbbd06c189a4fc80f'),
('Dove Ντούς Deeply Nourisηing 750ml',	NULL,	'46b02b6b4f4c4d5d8a0efe21d0981027'),
('Καλλιμάνης Χταπόδι Μικρό 595γρ',	NULL,	'7ca5dc60dd00483897249e0f8516ee91'),
('Κλεοπάτρα Σαπούνι 125γρ',	NULL,	'9c86a88f56064f8588d42eee167d1f8a'),
('L\'Oreal Excellence Βαφή Μαλ Ξανθό Ν7',	NULL,	'09f2e090f72c4487bc44e5ba4fcea466'),
('Πατάτες  Ελλ Κατ Β Ε/Ζ',	NULL,	'9bc82778d6b44152b303698e8f72c429'),
('Βιτάμ Μαργαρίνη Κλασικό 250γρ',	NULL,	'a240e48245964b02ba73d1a86a2739be'),
('Chipita Frau Lisa Bάση Τούρτας Κακάο 400γρ',	NULL,	'a1a1c2c477b74504b58ad847f7e0c8e1'),
('Pom Pon Eyes & Face Μαντηλάκια 20τεμ',	NULL,	'5a2a0575959c40d6a46614ab99b2d9af'),
('Τσιλιλή Τσίπουρο Χ Γλυκάνισο 700ml',	NULL,	'08f280dee57c4b679be0102a8ba1343b'),
('Μήλα Στάρκιν Χύμα',	NULL,	'ea47cc6b2f6743169188da125e1f3761'),
('Oral B Οδοντικό Νήμα Κηρωμένο 50τεμ',	NULL,	'26e416b6efa745218f810c34678734b2'),
('Μεβγάλ Παραδοσιακό Γιαούρτι Προβ 220γρ',	NULL,	'0364b4be226146699140e81a469d04a1'),
('Syoss Σαμπ Όγκο 750ml',	NULL,	'46b02b6b4f4c4d5d8a0efe21d0981027'),
('Amstel Μπύρα 330ml',	NULL,	'329bdd842f9f41688a0aa017b74ffde4'),
('Babylino Sensitive No4 Econ 7-18κιλ 50τεμ',	NULL,	'e0efaa1776714351a4c17a3a9d412602'),
('Κρι Κρι Γιαούρτι Στραγγιστό 2% 1κιλ',	NULL,	'0364b4be226146699140e81a469d04a1'),
('Χρυσά Αυγά Φρέσκα Αχυρώνα Medium 53-63γρ 6τεμ',	NULL,	'6d2babbc7355444ca0d27633207e4743'),
('Fairy Υγρό Πιάτων Ultra Classic 400ml',	NULL,	'e60aca31a37a40db8a83ccf93bd116b1'),
('Ariel Alpine Απορ Σκόνη 2,925γρ',	NULL,	'e60aca31a37a40db8a83ccf93bd116b1'),
('Coca Cola 2Χ1,5λιτ',	NULL,	'3010aca5cbdc401e8dfe1d39320a8d1a'),
('Sprite 6X330ml',	NULL,	'3010aca5cbdc401e8dfe1d39320a8d1a'),
('Pedigree Schmackos Μπισκότα Σκύλου 43γρ',	NULL,	'0c6e42d52765495dbbd06c189a4fc80f'),
('Rio Mare Τόνος Λαδιού 2Χ160γρ',	NULL,	'df10062ca2a04789bd43d18217008b5f'),
('Danone Activia Επιδ Τραγαν Απολ Δημ 200γρ',	NULL,	'0364b4be226146699140e81a469d04a1'),
('Fix Hellas Mπύρα 330ml',	NULL,	'329bdd842f9f41688a0aa017b74ffde4'),
('Βλάχα Χυλοπιτάκι Με Αυγά 500γρ',	NULL,	'0c347b96540a427e9823f321861ce58e'),
('Serkova Βότκα 37,5% 0,7λιτ',	NULL,	'08f280dee57c4b679be0102a8ba1343b'),
('Alfa Λουκανικοπιτάκια Κουρού 800gr',	NULL,	'1eb56e6ffa2a449296fb1acc7b714cc5'),
('Misko Τορτελίνι Με Τυρί 500γρ',	NULL,	'0c347b96540a427e9823f321861ce58e'),
('Μίσκο Κριθαράκι Μέτριο 500γρ',	NULL,	'0c347b96540a427e9823f321861ce58e'),
('Babylino Sensitive No3 Econ 4-9κιλ 56τεμ',	NULL,	'e0efaa1776714351a4c17a3a9d412602'),
('Γιώτης Αλεύρι Φαρίνα Πορτοκαλί 500γρ',	NULL,	'c761cd8b18a246eb81fb21858ac10093'),
('Παπαδημητρίου Κρεμά Βαλσαμ Χ Γλ 250ml',	NULL,	'b1866f1365a54e2d84c28ad2ca7ab5af'),
('Φάγε Total Γιαούρτι Στραγγιστό 500γρ',	NULL,	'0364b4be226146699140e81a469d04a1'),
('Μεβγάλ Αριάνι 1,5% Χ Γλουτ 500ml',	NULL,	'b1866f1365a54e2d84c28ad2ca7ab5af'),
('Μεβγάλ Γάλα «Κάθε Μέρα» 3.5% 1λιτ',	NULL,	'b3992eb422c2495ca02dd19de9d16ad1'),
('Μεβγάλ Κεφίρ Lactose Free Με Ροδακ 500ml',	NULL,	'b3992eb422c2495ca02dd19de9d16ad1'),
('Χωριό Ελαιόλαδο Κορωνεική Ποικ 1λιτ',	NULL,	'1e9187fb112749ff888b11fd64d79680'),
('Κορπή Νερό 6Χ1,5λιτ',	NULL,	'bc4d21162fbd4663b0e60aa9bd65115e'),
('Nescafe Classic Στιγμιαίος Καφές 50γρ',	NULL,	'b89cb8dd198748dd8c4e195e4ab2168e'),
('Μπάρμπα Στάθης Μπάμιες Extra 450γρ',	NULL,	'6d084e8eab4945cdb4563d7ff49f0dc3'),
('Everyday Σερβ Super/Ultra Plus Sens 18τεμ',	NULL,	'2bce84e7df694ab1b81486aa2baf555d'),
('Babycare Μωροπ/τες Αντ/κο 3Χ72τεμ',	NULL,	'92680b33561c4a7e94b7e7a96b5bb153'),
('Mythos Μπύρα 330ml',	NULL,	'329bdd842f9f41688a0aa017b74ffde4'),
('Όλυμπος Φυσικός Χυμός Πορτοκάλι 1,5λιτ',	NULL,	'4f1993ca5bd244329abf1d59746315b8'),
('Νουνού Γάλα Συμπ Μερίδες Διχ 10Χ15γρ',	NULL,	'b3992eb422c2495ca02dd19de9d16ad1'),
('Δέλτα Advance Επιδ Αλεσμένα Δημητρ 2Χ150γρ',	NULL,	'0364b4be226146699140e81a469d04a1'),
('Κύκνος Χυμ Τομάτας Συμπ 500γρ',	NULL,	'a02951b1c083449b9e7fab2fabd67198'),
('7 Days Τσουρεκάκι Κλασικό 75γρ',	NULL,	'0e1982336d8e4bdc867f1620a2bce3be'),
('Dove Κρεμοσ/νο Ανταλ Regul 500ml',	NULL,	'9c86a88f56064f8588d42eee167d1f8a'),
('Maggi Κύβοι Ζωμού Κότας 6λιτ 12τεμ',	NULL,	'3935d6afbf50454595f1f2b99285ce8c'),
('Όλυμπος Βούτυρο Αγελ Πακ 250γρ',	NULL,	'a240e48245964b02ba73d1a86a2739be'),
('Γιώτης Ανθός Αραβοσίτου Βανίλια 43γρ',	NULL,	'a1a1c2c477b74504b58ad847f7e0c8e1'),
('Νουνού Τυρί Γκουντα Light 11% Φετ 175γρ',	NULL,	'4c73d0eccd1e4dde8bb882e436a64ebb'),
('Κύκνος Κέτσαπ Χ Γλουτ 330γρ',	NULL,	'b1866f1365a54e2d84c28ad2ca7ab5af'),
('Ωμέγα Special Ρύζι Basmati 1κιλ',	NULL,	'5d0be05c3b414311bcda335b036202f1'),
('Kerrygold Τυρί Regato Τριμ.400γρ',	NULL,	'4c73d0eccd1e4dde8bb882e436a64ebb'),
('7 Days Κρουασάν Mini Κακάο 107γρ',	NULL,	'19c54e78d74d4b64afbb1fd124f01dfc'),
('Persil Black Υγρό Απορ Πλυντ Ρούχ 12Μεζ 750ml',	NULL,	'e60aca31a37a40db8a83ccf93bd116b1'),
('Νουνού Γάλα Σκόνη Frisomel 800γρ',	NULL,	'fc71b59318b5410d8ed9da8b42904d77'),
('Septona Σαμπουάν Και Αφρόλουτρο Βρεφικό Με Λεβαντα 500ml',	NULL,	'3d0c29b055f8417eb1c679fbfdc37da0'),
('Άλφα Μπύρα 500ml',	NULL,	'329bdd842f9f41688a0aa017b74ffde4'),
('Αρκάδι Σαπούνι Πλάκα Πρασ 4Χ150γρ',	NULL,	'9c86a88f56064f8588d42eee167d1f8a'),
('Proderm Υγρό Απορ/κο 17μεζ 1250ml',	NULL,	'991276688c8c4a91b5524b1115122ec1'),
('Vileda Style Κουβάς',	NULL,	'b5d54a3d8dd045fb88d5c31ea794dcc5'),
('Όλυμπος Τυρί Χωριάτικο Σε Άλμη 400γρ',	NULL,	'4c73d0eccd1e4dde8bb882e436a64ebb'),
('Καρπούζια Μίνι Εγχ',	NULL,	'ea47cc6b2f6743169188da125e1f3761'),
('Frulite Φρουτοπoτό Πορτ/Βερικ 500ml',	NULL,	'4f1993ca5bd244329abf1d59746315b8'),
('Άλτις Παραδοσιακό Ελαιόλαδο Παρθένο 1λιτ',	NULL,	'1e9187fb112749ff888b11fd64d79680'),
('Nescafe Classic Στιγμιαίος Καφές 200γρ',	NULL,	'b89cb8dd198748dd8c4e195e4ab2168e'),
('Παυλίδης Γκοφρέτα 3bit 31γρ',	NULL,	'dca17e0bfb4e469c93c011f8dc8ab512'),
('Finish All In 1 Καψ Πλυντ Πιάτ Max Regular 27τεμ',	NULL,	'e60aca31a37a40db8a83ccf93bd116b1'),
('Gillette Fusion Αντ/κα Ξυραφ 4τεμ',	NULL,	'2df01835007545a880dc43f69b5cae07'),
('Knorr Ζωμός Κότας 12 κυβ 120γρ',	NULL,	'3935d6afbf50454595f1f2b99285ce8c'),
('Νουνού Γάλα Εβαπορέ Light 170γρ',	NULL,	'b3992eb422c2495ca02dd19de9d16ad1'),
('Κοτόπουλα Νωπά Ολόκλ Τ.65% Μιμίκος  Π.Α.Ελλην Συσκ/Να',	NULL,	'8ef82da99b284c69884cc7f3479df1ac'),
('Derby Ίον 38γρ',	NULL,	'dca17e0bfb4e469c93c011f8dc8ab512'),
('Άλτις Κλασσικό Ελαιόλαδο 2λιτ',	NULL,	'1e9187fb112749ff888b11fd64d79680'),
('Dettol All In 1 Πράσινο Μήλο 500ml',	NULL,	'3be81b50494d4b5495d5fea3081759a6'),
('Wella Flex Mousse Curles/Waves 200ml',	NULL,	'5935ab588fa444f0a71cc424ad651d12'),
('Ajax Uλιτra Υγρό Γενικού Καθαρισμού Λεμόνι 1λιτ',	NULL,	'3be81b50494d4b5495d5fea3081759a6'),
('Ballantines Ουίσκι 0,7λιτ',	NULL,	'08f280dee57c4b679be0102a8ba1343b'),
('Klinex Σκόνη Πλυντηρίου Ρούχων Original 44μεζ',	NULL,	'e60aca31a37a40db8a83ccf93bd116b1'),
('Svelto Gel Υγρό Πιάτων Με Ξύδι 500ml',	NULL,	'e60aca31a37a40db8a83ccf93bd116b1'),
('Almiron-3 Γάλα Σε Σκόνη Τρίτης Βρεφικής Ηλικίας 800γρ',	NULL,	'fc71b59318b5410d8ed9da8b42904d77'),
('Λαιμός Χοιρινός Μ/Ο Νωπός Εισ',	NULL,	'a73f11a7f08b41c081ef287009387579'),
('Soupline Συμπυκνωμένο Μαλακτικό Ρούχων Λεβάντα 28μεζ',	NULL,	'e60aca31a37a40db8a83ccf93bd116b1'),
('Κρεμμύδια Ξανθά Ξερά Εισ',	NULL,	'9bc82778d6b44152b303698e8f72c429'),
('Nestle Nesquik Ρόφημα Σακούλα 400γρ',	NULL,	'2d711ee19d17429fa7f964d56fe611db'),
('Dettol Απολυμαντικό Για Ρούχα',	NULL,	'3be81b50494d4b5495d5fea3081759a6'),
('Γιώτης Super Mousse Κακ 234γρ',	NULL,	'a1a1c2c477b74504b58ad847f7e0c8e1'),
('Barilla Μακαρ Linguine Bavette Ν13 500γρ',	NULL,	'0c347b96540a427e9823f321861ce58e'),
('Alfa Πίτσα Μαργαρίτα Κατεψυγμένη 730γρ',	NULL,	'3f38edda7854447a837956d64a2530fa'),
('Γιώτης Φρουιζελέ Φράουλα 2X100γρ',	NULL,	'a1a1c2c477b74504b58ad847f7e0c8e1'),
('Ariel Alpine Υγρές Καψ 3σε1 24πλ',	NULL,	'e60aca31a37a40db8a83ccf93bd116b1'),
('Pampers Active Baby No4+ 10-15κιλ 16τεμ',	NULL,	'e0efaa1776714351a4c17a3a9d412602'),
('Pummaro Κέτσαπ 500γρ',	NULL,	'ce4802b6c9f44776a6e572b3daf93ab1'),
('Κιλότο Βόειου Α/Ο Νωπό Εισ',	NULL,	'c2ce05f4653c4f4fa8f39892bbb98960'),
('Ντομάτες Εγχ Υπαιθρ Β ',	NULL,	'9bc82778d6b44152b303698e8f72c429'),
('Hansaplast Φυσική Ελαφρόπετρα',	NULL,	'a610ce2a98a94ee788ee5f94b4be82c2'),
('Ariel Υγρό Απορρυπαντικό Ρούχων Alpine 28μεζ',	NULL,	'e60aca31a37a40db8a83ccf93bd116b1'),
('Babylino Πάνες Μωρού Sensitive 9-20 κιλ Nο 4+ 19τεμ',	NULL,	'e0efaa1776714351a4c17a3a9d412602'),
('Κρις Κρις Ψωμί Τοστ Σταρένιο 700gr',	NULL,	'c928573dd7bc4b7894d450eadd7f5d18'),
('Veet Κρέμα Για Ευαίσθ Επιδ 100ml',	NULL,	'2df01835007545a880dc43f69b5cae07'),
('Maggi Μείγμα Λαχανικών Νοστιμιά Σε Σκόνη 130γρ',	NULL,	'3935d6afbf50454595f1f2b99285ce8c'),
('Dettol Spray Γενικού Καθαρισμού Υγιεινή Και Ασφάλεια Λεμόνι Μέντα 500ml',	NULL,	'3be81b50494d4b5495d5fea3081759a6'),
('Pummaro Χυμός Τομάτα Πιο Συμπ/Νος 520γρ',	NULL,	'a02951b1c083449b9e7fab2fabd67198'),
('Kellogg’s Δημητριακά Corn Flakes 375γρ',	NULL,	'916a76ac76b3462baf2db6dc508b296b'),
('Γιώτης Κακάο 125γρ',	NULL,	'2d711ee19d17429fa7f964d56fe611db'),
('Μεβγάλ Παραδοσιακό Γιαούρτι Κατσικ 220γρ',	NULL,	'0364b4be226146699140e81a469d04a1'),
('Johnson\'s Baby Αφρόλουτρο Μπλε 750ml',	NULL,	'3d0c29b055f8417eb1c679fbfdc37da0'),
('Misko Μακαρόνια Σπαγγέτι Ν5 500γρ',	NULL,	'0c347b96540a427e9823f321861ce58e'),
('Μπάρπα Στάθης Τομάτα Στον Τρίφτη 500γρ',	NULL,	'a02951b1c083449b9e7fab2fabd67198'),
('Στεργίου Κέικ Ανάμεικτο 80γρ',	NULL,	'e63b2caa8dd84e6ea687168200859baa'),
('Κοτοπουλα Ολοκληρα Νωπα Τ.65% Πινδος Π.Α.Ελλην Συσκ/Να',	NULL,	'8ef82da99b284c69884cc7f3479df1ac'),
('Ferrero Kinder Γάλακτοφέτες 5Χ140γρ',	NULL,	'dca17e0bfb4e469c93c011f8dc8ab512'),
('Bref Power Active Wc Block Ωκεαν 50γρ',	NULL,	'3be81b50494d4b5495d5fea3081759a6'),
('Κανάκι Φύλλο Κρούστας 450γρ',	NULL,	'd1315c04b3d64aed93472e41d6e5a6f8'),
('Νουνού Γάλα Εβαπορέ Light 400γρ',	NULL,	'b3992eb422c2495ca02dd19de9d16ad1'),
('Knorr Ζωμός Σπιτικός Φρεσκ Λαχανικ 4Χ28γρ',	NULL,	'3935d6afbf50454595f1f2b99285ce8c'),
('Φάγε Γιαούρτι Αγελάδος 2% Λ 3X200γρ',	NULL,	'0364b4be226146699140e81a469d04a1'),
('Μπρόκολα Πράσινα Εγχ',	NULL,	'9bc82778d6b44152b303698e8f72c429'),
('Καραμολέγκος Ψωμί Τοστ Σταρένιο Μίνι 340g',	NULL,	'c928573dd7bc4b7894d450eadd7f5d18'),
('Κρι Κρι Γιαούρτι Στραγγιστό 10% 1κιλ',	NULL,	'0364b4be226146699140e81a469d04a1'),
('Κοκκινόψαρο  Κτψ Εισ Ε/Ζ',	NULL,	'7ca5dc60dd00483897249e0f8516ee91'),
('Λαιμός Χοιρινός Μ/Ο Νωπός Ελλ',	NULL,	'a73f11a7f08b41c081ef287009387579'),
('Καλλιμάνης Καλαμαράκι Κομ Καθαρ 595γρ',	NULL,	'7ca5dc60dd00483897249e0f8516ee91'),
('Cool Hellas Χυμός Πορτοκαλ Συμπ 1λιτ',	NULL,	'4f1993ca5bd244329abf1d59746315b8'),
('Υφαντής Γαλοπούλα Βραστή 160γρ',	NULL,	'be04eae3ca484928a86984d73bf3cc3a'),
('Χρυσά Αυγά Ελληνικά Βιολ 6τ Medium 348γρ',	NULL,	'6d2babbc7355444ca0d27633207e4743'),
('Μπάρμπα Στάθης Αρακάς Λαδερός 1κιλ',	NULL,	'6d084e8eab4945cdb4563d7ff49f0dc3'),
('Όλυμπος Γάλα Ζωής Λευκό Ελαφρύ Παστ 1λιτ',	NULL,	'b3992eb422c2495ca02dd19de9d16ad1'),
('Sani Lady Sensitive Super N5 10τεμ',	NULL,	'0bf072374a8e4c40b915e4972990a417'),
('Dirollo Τυρί Cottage 2,2% Λιπ 225γρ',	NULL,	'4c73d0eccd1e4dde8bb882e436a64ebb'),
('Ίον Σοκολάτα Γάλακτος 45γρ',	NULL,	'dca17e0bfb4e469c93c011f8dc8ab512'),
('Κοτόπουλα Νωπά Ολόκλ Τ.65% Π.Α.Ελλην Συσκ/Να',	NULL,	'8ef82da99b284c69884cc7f3479df1ac'),
('Αύρα Φυσικό Μεταλλικό Νερό 1.5λιτ',	NULL,	'bc4d21162fbd4663b0e60aa9bd65115e'),
('Μεβγάλ Harmony 1% Ανανάς 3Χ200γρ',	NULL,	'0364b4be226146699140e81a469d04a1'),
('Μίνι Babybel Διχτάκι 6τεμ 120γρ',	NULL,	'4c73d0eccd1e4dde8bb882e436a64ebb'),
('Γιώτης Αλεύρι Φαρίνα Κόκκινη 500γρ',	NULL,	'c761cd8b18a246eb81fb21858ac10093'),
('Γιώτης Τούρτα Μιλφέιγ 532γρ',	NULL,	'a1a1c2c477b74504b58ad847f7e0c8e1'),
('Γιώτης Κρέμα Ζαχαροπλ Μιλφέιγ 170γρ',	NULL,	'a1a1c2c477b74504b58ad847f7e0c8e1'),
('Pummaro Χυμός Τομάτα Κλασικός 3Χ250γρ',	NULL,	'a02951b1c083449b9e7fab2fabd67198'),
('3 Άλφα Ρύζι Νυχάκι Ελληνικό 500γρ',	NULL,	'5d0be05c3b414311bcda335b036202f1'),
('Εβόλ Γιαούρτι Κατσικίσιο Βιολ 190γρ',	NULL,	'0364b4be226146699140e81a469d04a1'),
('Danone Activia Επιδ Γιαουρ Ακτιν 2Χ200γρ',	NULL,	'0364b4be226146699140e81a469d04a1'),
('Veet Ταινίες Κρύο Κερί 20τεμ',	NULL,	'2df01835007545a880dc43f69b5cae07'),
('Botanic Therapy Σαμπουάν Επανόρθ 400ml',	NULL,	'46b02b6b4f4c4d5d8a0efe21d0981027'),
('Μεβγάλ Στραγγιστό Γιαούρτι 2% 3Χ200γρ',	NULL,	'0364b4be226146699140e81a469d04a1'),
('Sani Υποσέντονα Fresh Maxi Plus 15τεμ',	NULL,	'0bf072374a8e4c40b915e4972990a417'),
('Απαλαρίνα Λικέρ Μαστίχα 500ml',	NULL,	'08f280dee57c4b679be0102a8ba1343b'),
('Quaker Νιφ Βρώμης Ολ Άλεσης Μεταλ 500γρ',	NULL,	'916a76ac76b3462baf2db6dc508b296b'),
('Omo Σκόνη 425γρ',	NULL,	'e60aca31a37a40db8a83ccf93bd116b1'),
('Skip Υγρό Πλ Παν/Μικρ 26πλ 910ml',	NULL,	'e60aca31a37a40db8a83ccf93bd116b1'),
('Πέρκα Φιλέτο Κτψ Εισ Ε/Ζ ',	NULL,	'7ca5dc60dd00483897249e0f8516ee91'),
('Μεβγάλ Γάλα Αγελ Λευκό 3,5% Λιπ 2λιτ',	NULL,	'b3992eb422c2495ca02dd19de9d16ad1'),
('Κατσίκια Νωπά Ελλην Γαλ Τεμ Χ/Κ Χ/Σ Ε/Ζ',	NULL,	'd3385ff161f0423aa364017d4413fa77'),
('Nan Optipro 1 Γάλα Σε Σκόνη Πρώτης Βρεφικής Ηλικίας 400γρ',	NULL,	'fc71b59318b5410d8ed9da8b42904d77'),
('Ava Υγρό Πιάτων Ξύδι/Μήλο/Μέντα 430ml',	NULL,	'3be81b50494d4b5495d5fea3081759a6'),
('Always Σερβ Night 9τεμ',	NULL,	'2bce84e7df694ab1b81486aa2baf555d'),
('Υφαντής Hot Dog Nuggets Κοτόπουλου 500γρ',	NULL,	'9b7795175cbc4a6d9ca37b8ee9bf5815'),
('Υφαντής Ferano Προσούτο Χ Γλουτ 80γρ',	NULL,	'b1866f1365a54e2d84c28ad2ca7ab5af'),
('Μέλισσα Σπαγγέτι Ολικής Άλεσης 500γρ',	NULL,	'0c347b96540a427e9823f321861ce58e'),
('Frulite Σαγκουίνι/Μανταρίνι 1λιτ',	NULL,	'4f1993ca5bd244329abf1d59746315b8'),
('Δέλτα Smart Επιδ Γιαουρ Φραουλ 2Χ145γρ +1δώρο',	NULL,	'0364b4be226146699140e81a469d04a1'),
('L\'Oreal Κρέμα Προσ Καν/Μικτ Επιδ 3 Φρον 50ml',	NULL,	'5a2a0575959c40d6a46614ab99b2d9af'),
('Dorodo Τυρί Τριμμ Φακ 80γρ',	NULL,	'4c73d0eccd1e4dde8bb882e436a64ebb'),
('Chicco Βρέφική Κρέμα Συγκάματος 100ml',	NULL,	'ddb733df68324cfc8469c890b32e716d'),
('Καραμολέγκος Παξαμάς Κρίθινος 600γρ',	NULL,	'bcebd8cc2f554017864dbf1ce0069ac5'),
('Γιώτης Sanilac 1 Γάλα Σε Σκόνη Πρώτης Βρεφικής Ηλικίας 400γρ',	NULL,	'fc71b59318b5410d8ed9da8b42904d77'),
('Dettol Αντιβ Υγρό Κρεμοσ Ευαίσθ Επιδερμ Αντ/κο 250ml',	NULL,	'8f1b83b1ab3e4ad1a62df8170d1a0a25'),
('Παπαδημητρίου Κρέμα Balsamico Με Ρόδι Με Στέβια 250ml',	NULL,	'b1866f1365a54e2d84c28ad2ca7ab5af'),
('Στεργίου Λουκουμάς 4τεμ 340γρ',	NULL,	'ea47b5f0016f4f0eb79e3a4b932f7577'),
('Όλυμπος Γάλα Βιολ Υψηλ Παστ 3,7% Λ 1λιτ',	NULL,	'b3992eb422c2495ca02dd19de9d16ad1'),
('Iglo Fish Sticks 300γρ',	NULL,	'7ca5dc60dd00483897249e0f8516ee91'),
('Γαύρος Νωπός Καθαρ Απεντ/νος Ελλην Μεσογ Συσ/Νος',	NULL,	'c487e038079e407fb1a356599c2aec3e'),
('Υφαντής Κεφτεδάκια Κτψ 500γρ',	NULL,	'9b7795175cbc4a6d9ca37b8ee9bf5815'),
('Γιώτης Ρυζόγαλο Στιγμής 105γρ',	NULL,	'a1a1c2c477b74504b58ad847f7e0c8e1'),
('7 Days Swiss Roll Κακάο 200γρ',	NULL,	'e63b2caa8dd84e6ea687168200859baa'),
('Fanta Πορτοκαλάδα 1,5λιτ',	NULL,	'3010aca5cbdc401e8dfe1d39320a8d1a'),
('Γιώτης Κουβερτούρα Σε Σταγόνες 100γρ',	NULL,	'dca17e0bfb4e469c93c011f8dc8ab512'),
('Μεβγάλ Γάλα Αγελ Λευκό Light 1,5% 500ml',	NULL,	'b3992eb422c2495ca02dd19de9d16ad1'),
('Χρυσά Αυγά Φρέσκα Medium 53/63 γρ.τεμ',	NULL,	'6d2babbc7355444ca0d27633207e4743'),
('Misko Μακαρόνια Για Παστίτσιο Ν2 500γρ',	NULL,	'0c347b96540a427e9823f321861ce58e'),
('Χρυσή Ζύμη Μπουγάτσα Θεσ/Κης Κρέμα 850γρ',	NULL,	'1eb56e6ffa2a449296fb1acc7b714cc5'),
('Τοπ Κρέμα Βαλσάμικο Με Λεμόνι & Μέλι 200ml',	NULL,	'5dca69b976c94eccbf1341ee4ee68b95'),
('Σολομός Νωπός Φιλετ/νος Με Δέρμα Υδ Νορβ/Εισαγ  Β.Α Ατλ Συσκ/νος',	NULL,	'3d22916b908b40b385bebe4b478cf107'),
('Παπαδημητρίου Balsamico Με Μέλι 250ml',	NULL,	'5dca69b976c94eccbf1341ee4ee68b95'),
('Tuborg Σόδα 330ml',	NULL,	'3010aca5cbdc401e8dfe1d39320a8d1a'),
('Cheetos Pacotinia 114γρ',	NULL,	'ec9d10b5d68c4d8b8998d51bf6d67188'),
('Johnson Baby Βρεφικό Σαμπουάν Αντλιά 500ml',	NULL,	'3d0c29b055f8417eb1c679fbfdc37da0'),
('Τσίπουρα Υδατ  Καθαρ Ελλην G 400/600 Μεσογ Συσκ/Νη',	NULL,	'3d22916b908b40b385bebe4b478cf107'),
('Πορτοκ Μερλίν - Λανε Λειτ- Ναβελ Λειτ Κατ Α Εγχ Ε/Ζ',	NULL,	'ea47cc6b2f6743169188da125e1f3761'),
('Όλυμπος Φυσικός Χυμός Πορτοκάλι 1λιτ',	NULL,	'4f1993ca5bd244329abf1d59746315b8'),
('Crunch Σοκολάτα Λευκή 100γρ Χωρίς Γλουτένη',	NULL,	'dca17e0bfb4e469c93c011f8dc8ab512'),
('Klinex Χλωρίνη Classic 2λιτ',	NULL,	'3be81b50494d4b5495d5fea3081759a6'),
('Misko Ολικής Άλεσης Μακαρόνια Σπαγγέτι Ν6 500γρ',	NULL,	'0c347b96540a427e9823f321861ce58e'),
('Καραμολέγκος Πίτες Για Σουβλ Σταρεν 10τεμ 820γρ',	NULL,	'1eb56e6ffa2a449296fb1acc7b714cc5'),
('Wella Flex Mousse Ultra Strong 200ml',	NULL,	'5935ab588fa444f0a71cc424ad651d12'),
('Alfa Μπουγάτσα Θες/νίκης Κρέμα 800γρ',	NULL,	'd1315c04b3d64aed93472e41d6e5a6f8'),
('Γιώτης Μείγμα Για Κρέπες 300γρ',	NULL,	'a1a1c2c477b74504b58ad847f7e0c8e1'),
('Σαρδέλλες Νωπές Ελλην Μεσογ Ε/Ζ',	NULL,	'c487e038079e407fb1a356599c2aec3e'),
('Alfa Φύλλο Χωριάτικο Κιχι Κτψ 750γρ',	NULL,	'1eb56e6ffa2a449296fb1acc7b714cc5'),
('Everyday Σερβ Norm/Ultra Plus Sens 18τεμ',	NULL,	'2bce84e7df694ab1b81486aa2baf555d'),
('Γιώτης Sanilac 3 Γάλα Σκόνη 400γρ',	NULL,	'fc71b59318b5410d8ed9da8b42904d77'),
('Nestle Smarties Κουφετάκια Σοκολ 38γρ',	NULL,	'dca17e0bfb4e469c93c011f8dc8ab512'),
('Κιλότο Βόειου Α/Ο Νωπό Ελλ Εκτρ Άνω Των 5 Μην',	NULL,	'c2ce05f4653c4f4fa8f39892bbb98960'),
('Χρυσή Ζύμη Πίτσα Μαργαρίτα 2X470γρ',	NULL,	'3f38edda7854447a837956d64a2530fa');

INSERT INTO `price` (`item_name`, `date`, `price`) VALUES
('Aim Οδ/τσα 2-6 Παιδική',	'2022-11-15',	2.03),
('Aim Οδ/τσα 2-6 Παιδική',	'2022-11-16',	1.95),
('Aim Οδ/τσα 2-6 Παιδική',	'2022-11-17',	1.93),
('Aim Οδ/τσα 2-6 Παιδική',	'2022-11-18',	1.94),
('Aim Οδ/τσα 2-6 Παιδική',	'2022-11-19',	1.85),
('Misko Ταλιατέλλες Σιμιγδ 500γρ',	'2023-07-30',	2.08),
('Misko Ταλιατέλλες Σιμιγδ 500γρ',	'2023-07-31',	1.91),
('Misko Ταλιατέλλες Σιμιγδ 500γρ',	'2023-08-01',	2.12),
('Misko Ταλιατέλλες Σιμιγδ 500γρ',	'2023-08-02',	2.11),
('Misko Ταλιατέλλες Σιμιγδ 500γρ',	'2023-08-03',	2.11),
('Μίσκο Μακαρόνια Ν6 500γρ',	'2023-07-30',	1.04),
('Μίσκο Μακαρόνια Ν6 500γρ',	'2023-07-31',	1.01),
('Μίσκο Μακαρόνια Ν6 500γρ',	'2023-08-01',	1.02),
('Μίσκο Μακαρόνια Ν6 500γρ',	'2023-08-02',	1.00),
('Μίσκο Μακαρόνια Ν6 500γρ',	'2023-08-03',	0.99),
('Κύκνος Τομάτες Αποφλ Ολoκλ 400γρ', DATE_SUB(CURRENT_DATE, INTERVAL 1 week), 2.0);

ALTER TABLE offer AUTO_INCREMENT = 1;

INSERT INTO offer (`store_id`,`item_id`,`price`,`registration_date`,`expiration_date`,`number_of_likes`,`number_of_dislikes`,`in_stock`,`uploader_email`,`uploader_username`) VALUES
(1,1,1.0,CURRENT_DATE,DATE_ADD(CURRENT_DATE, INTERVAL 1 week), 0, 0, true, 'george@gmail.com', 'George'),
(1,2,1.0,CURRENT_DATE,DATE_ADD(CURRENT_DATE, INTERVAL 1 week), 0, 0, true, 'george@gmail.com', 'George'),
(1,3,1.0,CURRENT_DATE,DATE_ADD(CURRENT_DATE, INTERVAL 1 week), 0, 0, true, 'george@gmail.com', 'George'),
(1,4,1.0,CURRENT_DATE,DATE_ADD(CURRENT_DATE, INTERVAL 1 week), 0, 0, true, 'george@gmail.com', 'George'),
(1,5,1.0,CURRENT_DATE,DATE_ADD(CURRENT_DATE, INTERVAL 1 week), 0, 0, true, 'george@gmail.com', 'George'),
(2,6,1.0,CURRENT_DATE,DATE_ADD(CURRENT_DATE, INTERVAL 1 week), 0, 0, true, 'george@gmail.com', 'George'),
(2,7,1.0,DATE_SUB(CURRENT_DATE, INTERVAL 1 day),DATE_ADD(CURRENT_DATE, INTERVAL 1 week), 0, 0, true, 'george@gmail.com', 'George'),
(2,8,1.0,DATE_SUB(CURRENT_DATE, INTERVAL 1 day),DATE_ADD(CURRENT_DATE, INTERVAL 1 week), 0, 0, true, 'george@gmail.com', 'George'),
(2,9,1.0,DATE_SUB(CURRENT_DATE, INTERVAL 1 day),DATE_ADD(CURRENT_DATE, INTERVAL 1 week), 0, 0, true, 'george@gmail.com', 'George'),
(2,10,2.0,DATE_SUB(CURRENT_DATE, INTERVAL 2 day),DATE_ADD(CURRENT_DATE, INTERVAL 1 week), 0, 0, true, 'george@gmail.com', 'George'),
(2,11,2.0,DATE_SUB(CURRENT_DATE, INTERVAL 2 day),DATE_ADD(CURRENT_DATE, INTERVAL 1 week), 0, 0, true, 'george@gmail.com', 'George'),
(3,12,1.0,CURRENT_DATE,DATE_ADD(CURRENT_DATE, INTERVAL 1 week), 0, 0, true, 'nikos@gmail.com', 'Nikos'),
(3,20,1.0,CURRENT_DATE,DATE_ADD(CURRENT_DATE, INTERVAL 1 week), 0, 0, true, 'nikos@gmail.com', 'Nikos'),
(3,30,1.0,CURRENT_DATE,DATE_ADD(CURRENT_DATE, INTERVAL 1 week), 0, 0, true, 'nikos@gmail.com', 'Nikos'),
(3,40,1.0,CURRENT_DATE,DATE_ADD(CURRENT_DATE, INTERVAL 1 week), 0, 0, true, 'nikos@gmail.com', 'Nikos'),
(25,50,1.0,CURRENT_DATE,DATE_ADD(CURRENT_DATE, INTERVAL 1 week), 0, 0, true, 'nikos@gmail.com', 'Nikos'),
(25,60,1.0,CURRENT_DATE,DATE_ADD(CURRENT_DATE, INTERVAL 1 week), 0, 0, true, 'nikos@gmail.com', 'Nikos'),
(25,70,1.0,DATE_SUB(CURRENT_DATE, INTERVAL 1 day),DATE_ADD(CURRENT_DATE, INTERVAL 1 week), 0, 0, true, 'nikos@gmail.com', 'Nikos'),
(25,80,1.0,DATE_SUB(CURRENT_DATE, INTERVAL 1 day),DATE_ADD(CURRENT_DATE, INTERVAL 1 week), 0, 0, true, 'nikos@gmail.com', 'Nikos'),
(35,90,1.0,DATE_SUB(CURRENT_DATE, INTERVAL 1 day),DATE_ADD(CURRENT_DATE, INTERVAL 1 week), 0, 0, true, 'nikos@gmail.com', 'Nikos'),
(35,100,2.0,DATE_SUB(CURRENT_DATE, INTERVAL 2 day),DATE_ADD(CURRENT_DATE, INTERVAL 1 week), 0, 0, true, 'nikos@gmail.com', 'Nikos'),
(35,110,2.0,DATE_SUB(CURRENT_DATE, INTERVAL 2 day),DATE_ADD(CURRENT_DATE, INTERVAL 1 week), 0, 0, true, 'nikos@gmail.com', 'Nikos');

ALTER TABLE review AUTO_INCREMENT = 1;

INSERT INTO review (`user_email`, `user_username`, `offer_id`, `rating`) VALUES
('nikos@gmail.com','Nikos',1,'like'),
('nikos@gmail.com','Nikos',2,'dislike');

-- 2023-09-07 18:15:06
